text,toxicity,id,parent_id,url,date,,,,
Ο Νίκος Μιχαλολιάκος στον ΣΚΑΪ,1,1,0,https://www.youtube.com/watch?v=pxOwSYgRPPU&ab_channel=SKAI.gr,11 years ago ,,,,
"Αν ο Μπογδανος φορουσε την κουστουμια του Μηχαλολιακου, θα ηταν ο HITMAN :p",1,0,1,,8 years ago,,,,
Ο Μπογδανος πρέπει να διδάσκεται στις δραματικές σχολές ή στα τμήματα θεατρολογίας όλης της χώρας - έχει προσφέρει τόσα στην κωμωδία! Τον ευχαριστούμε.,1,0,1,,3 months ago (edited),,,,
έχω πεθάνει απο τα γέλια με την όλη φάση,1,0,1,,10 years ago,,,,
Το κοντρόλ έχει πάρει φωτιά σε αυτό το επεισόδιο μέχρι το μικρόφωνο φτάνουν οι φωνές απτό ακουστικό,1,0,1,,5 years ago,,,,
"αν μη τι αλλο, εριξα τρελο γελιο
επεσαν απιστευτες ατακες!!",1,0,1,,11 years ago,,,,
"Υπέροχο βίντεο, αλλά κάντε περισσότερα για να διαφωτίσετε τον κόσμο. Έπεσα πάνω σε κάποιον που παραπονέθηκε στην ενότητα των σχολίων σας ότι έχασε τη δουλειά και αναζητούσε βοήθεια. Η ύπαρξη πολλαπλών πηγών εισοδήματος είναι πολύ σημαντική για την οικονομική ανάπτυξη.",1,0,1,,4 months ago,,,,
Έχω δει αυτή την συνέντευξη 22 φορές no joke παιδιά,1,0,1,,3 years ago,,,,
Ευχαριστουμε τον παρουσιαστη του Ευθεως που με αυτη την εκπομπη εκτιναξε τα ποσοστα της Χ.Α. στα υψη.,2,0,1,,11 years ago,,,,
Εχω δει το βιντεο πανω απο 3 φορες και παντα μου φτιαχνει τη διαθεση.,1,0,1,,10 years ago,,,,
"Για μένα δύο εκπομπές είναι επικές  στην ελληνική τηλεόραση απ το 2000 και μετά που θυμάμαι , γιατί δεκαετία 90 ήμουν αρκετά μικρός . Η μια είναι αυτήν , και η άλλη είναι του Σώρρα στον Σρόιτερ . Αυτές η εκπομπές είναι ότι πιο επικό έχει βγει , συνδυάζουν διασκέδαση πολιτική πραγματικότητα και λίγο και νοοτροπία μέσου έλληνα .",1,0,1,,5 months ago,,,,
"Comedy Club απο τα καλύτερα, δημοσιογράφος και συνεντευξιαζόμενος γίνονται ρόμπα για διαφορετικούς λόγους.",2,0,1,,11 years ago,,,,
Βάζω την συνέντευξη κάθε βράδυ και κοιμάμαι σε 5 λεπτά,1,0,1,,1 year ago,,,,
"Η Ελλάδα πάνω από όλα παιδιά. Δεν υπάρχει παρά μόνο το κοινό συμφέρον. Ξέρω ότι υπάρχουν διαφορές, όποιες και αν είναι αυτές. Ας μην κάνουμε την χάρη σε αυτούς που θέλουν να μας εξαφανίσουν.
Ας γίνουμε μωρέ για μια φορά ΕΝΑ",1,0,1,,10 years ago,,,,
"Ο πιο τρελός δημοσιογράφος που πέρασε ποτέ στα χρονικά!, και άσχετος των χρωνικων που πέρασε ποτές!!!",1,0,1,,3 years ago,,,,
Σε ένα πράγμα είχε δίκιο ο Μιχαλολιάκος και αφορά όλη τη συνέντευξη... 3 λαλούν και ένας χορεύει....,2,0,1,,11 years ago,,,,
το καλύτερο στη συνέντευξη είναι ότι βρέθηκε κάποιος που μπορεί να διακόψει τον Μπογδάνο,1,0,1,,3 years ago,,,,
όχι δεν είσαι μόνος. Απλά πρέπει κάποια στιγμή να φωνάξουμε δυνατά και μεις οι ψύχραιμοι. Η απάθεια είναι συνενοχή. Να το θυμάσαι αυτο΄. Καλό κουράγιο και σε σένα.,1,0,1,,11 years ago,,,,
Έπρεπε να γινόταν μια συζήτηση Μπογδάνος - Κασιδιάρης,1,0,1,,5 months ago,,,,
"""Ο μεγαλύτερος εχθρός όλων θεωρείται αυτός που λέει την αλήθεια."" Πλάτων",1,0,1,,11 years ago,,,,
Μπογδανε μεγάλε! Άρτιος δημοσιογράφος ! Φοβερή υπομονή ! Respect συγχαρητήρια !,1,0,1,,9 years ago,,,,
"Πω πω πω επίπεδο... έχω συγκλονιστεί ειλικρινά με τα συνταρακτικά σου επιχειρήματα. Μπράβο αντρίκλα!! (για δες,σου έφυγε κάνας πόντος?)",2,0,1,,11 years ago,,,,
Aυτή η συνέντευξη πρέπει να μπει στο αρχείο και να χρησιμοποιηθεί από τις διάφορες σχολές δημοσιογραφίας ως σεμινάριο και παράδειγμα προς αποφυγή. Έγραψε ιστορία ο Μπογδάνος εδώ.,4,0,1,,3 years ago,,,,
Η εκπομπή είναι καταπληκτική πατώντας το mute. Ψηφίζω Μπογδάνο για Γ.Γ. της Χ.Α. και Μιχαλολιάκο για δημοσιογράφο στο ΣΚΑΪ. Η καράφλα παραπέμπει εκεί άλλωστε.,3,0,1,,11 years ago,,,,
"Τελικά ρε μάγκες, ποιος έκανε συνέντευξη σε ποιον;
Ο Μιχαλολιάκος στον Μπογδάνο, ή ο Μπογδάνος στον Μιχαλολιάκο;",2,0,1,,5 years ago,,,,
33:53 ''Δεν είναι ευθέως! Είναι πλαγίως υπούλως και υπογείως!'' αααααααααααααααααααααααααααχαχαχαχαχαχαχαχαχαχαχαχαχαχαχχαχαχαχαχαχαα,3,0,1,,7 years ago,,,,
"Η καλύτερη συνέντευξη που έχω ακούσει ποτέ μου. !!!!! Οποιος νιώθει..... , βγάζει νικητή και ηττημένο. Εύχομαι το καλό της πατρίδας μου. Περάσανε ΄πάρα πολλοί πολιτικοί από την Ελλάδα. Πιστεύω ότι ο Μιχαλολιάκος τουλάχιστον αγαπά την Ελλάδα, και δεν έχει ξέμπαρκα τα στελέχοι του.",1,0,1,,10 years ago,,,,
η καλυτερη κωμωδια της χρονιας !! γεια σου ρε μπογδανο !! εισαι θεος αγορι μου! δωσε γελιο στον λαο !!,1,0,1,,10 years ago,,,,
Πως αλλάζουν οι εποχές.... Πως η ανάγκη γίνεται ιστορία,1,0,1,,9 months ago,,,,
μια απο τις μεγαλες στιγμες της ελληνικης TV ...!!!,1,0,1,,11 years ago,,,,
"20:03 -Θελω να καταγραψω την δημοσιογραφικη σου αποτυχια
           -Παρακαλω",3,0,1,,1 month ago,,,,
Υπέροχος δε λες τίποτα. Ο καλύτερος κωμικός ever. Kαι αυτό άθελά του. Φαντάσου να το ήθελε.,1,0,1,,11 years ago,,,,
Με κάλυψες απόλυτα. Μπράβο !,1,0,1,,11 years ago,,,,
ΑΑΑΑΑ! Οι φαρσες της Συντελειας μεταφερθηκαν στις 00.00 και προσελαβαν τον Μπογδανο και τον Μιχαλολιακο;;;;;; ΤΕΛΕΙΑ!,1,0,1,,11 years ago,,,,
"-εδώ μαζί σου
-άσε άσε σιγά, με συγκίνησες",1,0,1,,4 years ago,,,,
"τι παρωδία είναι αυτή.. Μπογδάνε συγχαρητήρια, φοβερός είσαι!",1,0,1,,11 years ago,,,,
"Μπογδάνος, η συνέντευξη αυτή ανέβασε την καριέρα σου στο ζενίθ, είσαι πολύ τυχερός που πήρες συνέντευξη από τέτοιον πολιτικό. Μπόρεσες και κατάφερες να την βγάλεις μέχρι τέλος με μεγάλα νουμερα, μπράβο σου.",1,0,1,,1 year ago,,,,
Φοβερά επιχειρήματα! Μπράβο εγέρθητε.,1,0,1,,11 years ago,,,,
44:31 κλαίω,1,0,1,,5 months ago,,,,
Ότι καλύτερο να δεις όταν τρως φασολάκια και τυρί για μεσημεριανό,1,0,1,,2 years ago,,,,
δέν μπορεί να κάνει διάλογο..απλά έχει έτοιμες τις ερωτήσεις..αστείος!,1,0,1,,11 years ago,,,,
Και οι δύο ήταν πολύ αστείοι,1,0,1,,4 years ago,,,,
Δεν νερω τι λατρεψα πιο πολυ απο την συνέντευξη,1, το οτι αλλα λεει ο ενας και σε αλλα απανταει ο αλλος, την καταπληκτικη ηρεμια του Μπογδανου ή τις ασυναρτησίες για τους γκει και το AIDS, Ολα ενα κουβαρι σε μια συνέντευξη που απλα δεν βλεπεται χωρις να προκαλεσει τον παραμικρο εκνευρισμο.,0,1,,9 years ago,
ουτε εμεις εχουμε και τις καλυτερες σχεσεις μαζι τους...,1,0,1,,11 years ago,,,,
"Mια χαρά είναι ο Μπογδάνος, σοβαρός και αξιοπρεπέστατος! Και επιτέλους μια εξαίρεση στους μεγαλοκαρχαρίες της ενημέρωσης",1,0,1,,11 years ago,,,,
Εκεί που λέει ο μιχαλολιακοσ για την κοκκινοσκουφίτσα εκλαψα,1,0,1,,3 years ago,,,,
"έτυχε να ακούσω για αυτή την εκπομπή!!!και έκατσα και την είδα!!!γέλασα με τη ψυχή μου!!!!!
 ο σκαι βοηθάει τη χρυσή αυγή να ανεβάσει τα ποσοστά  της",4,0,1,,11 years ago,,,,
"""Παρακάτω θα πηγαίνεις την κουβέντα γιατί δεν μπορείς να σταθείς πουθενά & παρακάτω παρακάτω, φθάσαμε εδώ που φθάσαμε την Ελλάδα"". Τσακίζει κόκκαλα.",3,0,1,,1 year ago,,,,
Είμαι στο όγδοο λεπτό και ήδη με έχει πιάσει πονοκέφαλος...για να δούμε πόσο θα αντέξω...,3,0,1,,9 years ago,,,,
Θα ειχε τεραστιο ενδιαφερον εαν καποιος μπορουσε να ακουσει και να αποτυπωσει τις οδηγιες του υποβολεα που ακουγεται καθε τρεις και λιγο απο το ακουστικο του Μπογδανου.,1,0,1,,11 years ago,,,,
"συνέλληνα χρονια πολλά, Ζήτω ο Μεταξάς, ο Παπαδόπουλος και ο Μιχαλολιάκος. όλα θα πάνε μελι-γαλά.",1,0,1,,11 years ago,,,,
"Μου βγήκε στα προτεινόμενα για κάποιο λόγο και δεδομένου του ότι έχουν περάσει 7 χρόνια εγώ απλά γελάω με αυτή τη ""συζήτηση""",1,0,1,,3 years ago,,,,
Mι Κάπα Όψιλον είπε ή μου φαίνεται,1, Κλαίω. Πολλή αγάπη στην ελληνική γλώσσα.,0,1,,9 years ago,,,
"Το βίντεο αυτό πρέπει να γίνει μάθημα στα σχολεία για το τι σημαίνει να είσαι ""πολιτικός"". Σε ρωτάνε το Α απαντάς με ερώτηση Β. Σε ρωτάνε το Γ επιχειρηματολογείς χωρίς να επιχειρηματολογείς ουσιαστικά λέγοντας το κάνουν και οι Δ. Μία τρέλα, ένα πανηγύρι! Τρομερός διάλογος... Ζήτημα αν απαντήθηκε σωστά μία ερώτηση...",1,0,1,,6 years ago,,,,
"Τώρα διαμαρτύρομαι 
Σιγά με συγκινησες",1,0,1,,5 years ago,,,,
ο ρολος που παιζει ο μπογδανος ειναι απαισιος,3,0,1,,3 years ago,,,,
Ξέρω ότι σε χτύπησ σε ευαίσθητο σημείο γι αυτο λυσσάς μαζί μου (ποτέ δεν Ξέρω ότι σε χτύπησ σε ευαίσθητο σημείο γι αυτρο λυσσάς μαζί μου (ποτέ δεν ασχολήθηκα μαζί σου αλλά εσ΄λυ έχεις φάει φρίκη και προσπαθεις συνέχεια να μου την πεις για ν ξεπεράσεις το τράυμα που (άθελα μου) σου δημιούργησα (δεν απευθυνόμουν ειδικά σε σένα στα σχόλια μου αλλά προφανώς έβλεπες εναν καθρέφτη σου εκεί και καμιά φορά ο καθρέφτης πονάει) Ξεπέρασε το και ψάξε να βρεις λύση να παλέψεις τις μειονεξίες σου.,2,0,1,,11 years ago,,,,
7/10/2020 Όλο το ελληνικό κράτος ασχολήθηκε με την χρυσή αυγή και είδαμε πόσο υψηλά πήγε η εγκληματική σας οργάνωση.,4,0,1,,3 years ago,,,,
"""η η σκεψη μου ορρματε απο τον υρμο"" Χαχαχα η καλυτερη ατακα του μπογδανου ever!",,0,1,,11 years ago,,,,
7:59 Εντάξει έκλαψα!,1,0,1,,3 years ago,,,,
"Διαμαρτυρηθηκατε;
Ναι
Που; Πότε;
Τώρα",1,0,1,,3 years ago,,,,
This shit never gets old.,1,0,1,,1 year ago (edited),,,,
Ρε παιδια ξερει κανεις αν θα εχει εκπομπη και αυριο να γελασουμε λιγο? Εδειξα την εκπομπη στην γιαγια μου που πασχει απο καταθλιψη και πεθανε στα γελια!,1,0,1,,11 years ago,,,,
Αυτό δεν ήταν συζήτηση . Ήταν δυο μονολογοι που ο ένας προσπαθούσε να καταπατησει τον άλλον και κανείς δεν απαντούσε στις ερωτήσεις του άλλου . Απλά ανοίξανε διακόσια θέματα και δεν απαντήθηκε πλήρως κανένα . 20 λεπτά άντεξα να το δω πριν διαλυθεί τελείως το νευρικό μου σύστημα . Όσοι αντέξατε και το είδατε ολόκληρο παίρνεται ένα μεγάλο respect  από εμένα,3,0,1,,4 years ago (edited),,,,
"Δεν είναι βλάκας, απλά άπειρος.",1,0,1,,10 years ago,,,,
Πονοκέφαλο μου προκάλεσε αυτή η συνέντευξη η φωνή του μιχαλολιακου με χτυπά στο νεύρα,3,0,1,,4 years ago,,,,
"Αυτό είναι το μέλλον της Ελλάδας; Της πατρίδας μας; Λυπάμαι πολύ, εγώ νιώθω ευλογημένη που γεννήθηκα Ελληνίδα και λατρεύω την χώρα μου, όμως δεν δέχομαι να είναι αυτό το μέλλον μου. Το μέλλον της χώρας μου. Δεν είχα καν σκοπό να μπω στον κόπο να σχολιάσω όταν μπήκα οικειοθελώς να δω αυτή τη συνέντευξη, όμως η απογοήτευση μου είναι τεράστια. Δεν υπάρχουν λόγια να περιγράψω αυτά που ακούω και βλέπω. Αυτή είναι η ανάπτυξη σας; Σας ευχαριστούμε. Ευχαριστώ για το μέλλον μου.",4,0,1,,9 years ago,,,,
Πολύ γέλιο απλά,1,0,1,,4 years ago,,,,
"I had to come back and listen to this,and i almost fell off my chair when Mixalolakos said at 22:26   ""Tea kaneis Yiani...?!!! Koukia sperno!!!!!  Thats the funniest thing i heard in days!!!!!",1,0,1,,10 years ago,,,,
"Κύριε Μπογδάνο, σαν δημοσιογράφος σας βαθμολογώ με ΜΗΔΕΝ. Διερωτουμε αν γνωρίζεις και την Ελληνική ιστορία  όπως είπες, γιατί μου φαίνεσαι σαν ξενόφερτος . Αυτό από τη Κύπρο!!!",3,0,1,,4 years ago,,,,
"Από την μία δεν χωνεύω (με την καμία) τον Μπογδάνο ο οποίος την έχει δει ρήτορας και έχει μία ωραιοπάθεια όταν μιλάει - το ύφος του είναι γελοίο, (καθώς παίρνει και πόζα όταν μιλάει). Παρακολουθώντας όμως την εκπομπή, του βγάζω το καπέλο καθώς είχε τα κότσια να κάνει τόσο ευθείς ερωτήσεις. Ο Μιχαλολιάκος είχε την ευκαιρία να απαντήσει και να πει την γνώμη του για να ακούσουμε και τις δύο πλευρές. Δυστυχώς μόνο επιθετικότητα διακρίνω και επαναλαμβανόμενες εκφράσεις περί λασπολογίας. Δεν με έπεισε",2,0,1,,11 years ago,,,,
Ο αρχηγός και ο υπαρχηγος,1,0,1,,2 years ago,,,,
Το παπουτσι το μπογδανου με το κουστουμι με τρελαινει :p,1,0,1,,9 years ago,,,,
"Πως τον γλεντησε έτσι ο Μηχαλολιακος  χαχαχαχαχα 
Η καλύτερη συνέντευξη εβερ",1,0,1,,9 months ago,,,,
Αλίμμονο σε όλους εμάς που δεν έχουνε απλές μανιχαϊστικές λογικές.,3,0,1,,11 years ago,,,,
"η σκέψη μου ορμάται από τον ειρμό της αποκάλυψης...
αχχαχαχαχχα η αποτυχία σε όλο της το μεγαλείο!!",3,0,1,,6 years ago,,,,
Επιτελους ενας χρυσαυγιτης που λεει πραγματικα αυτο που ειναι. ΜΝΗΜΟΝΙΑΚΟΣ. Απο τρελο μαθαινεις την αληθεια τελικα,1,0,1,,11 years ago,,,,
Δεν ξερω αλλα θελω να μαθω την μουσικη!!!Οποιος το ξερει τον ευχαριστω παρα πολυ,1,0,1,,5 years ago,,,,
Ρε Μπογδάνο... σε κατούρησε τόσο πολύ που πνίγηκες με τα ούρα του!,3,0,1,,3 years ago,,,,
"As someone who only is fluent in Greek, but does not live in Greece or have any other ""special"" relationship with the country, I will put forth some questions grounded on unclear facts.
1. ""We are a nationalist party"". Nationalism=εθνικισμός=belief in the superiority of one's own element and suggestion that it should absorb all others. Racism=belief in the superiority of one's element and suggestion that it should expel all others. Wouldn't racist suit more their ideology than nationalist?",1,0,1,,10 years ago,,,,
μπραβο στη χρυση αυγη. Ο μπογδανος δεν ειχε κανενα ειρμο και καμια συνοχη στις ερωτησεις....ακουγονταν απο το αφτι του οι οδηγιες....τα θεματα πραγματι ηταν ανακυκλωση ολων αυτων που εχουμε διαβασει στο βημα και εχουμε ακουσει στο μεγκα το τελευταιο χρονο.,3,0,1,,11 years ago,,,,
Από τον διάλογο βγάλτε συμπέρασμα ποιός από τους δύο έχει παιδιά και τρόπους κατά την διάρκεια του,1,0,1,,5 years ago,,,,
12:50- 13:05 Ακούγεται ο υποβολέας που καθοδηγεί τα λόγια του δημοσιογράφου. Ο ΣΚΑΪ κορυφαίος στην προπαγάνδα.,3,0,1,,5 years ago,,,,
"24:03 best part 
32:15 όλη η αλήθεια
37:15 Ζοριζεται ο Σκάι
44:31 κλάμα
55:37 κι αλλά ζόρια απο το Σκάι",2,0,1,,5 months ago (edited),,,,
"Βλέποντας όλα αυτά τα σχόλια, δεν απορώ καθόλου που καταστράφηκε η Ελλάδα.",3,0,1,,8 years ago,,,,
Θεός ο Μιχαλολιακος,1,0,1,,10 years ago,,,,
Bravo Michali !!!,1,0,1,,8 years ago,,,,
Φοβερή εκπομπή άλλου βάφουν τα τυμπανα αλλου χορεύει ή νυφη,1,0,1,,4 years ago,,,,
Bravo Niko..a true champion of the people the world thanks you 4 standing up 2 the parasites.. a REAL GREEK 4 GREECE !!!,1,0,1,,10 years ago,,,,
"Ρε παιδιά, γίνατε που γίνατε απολύτως ρόμπα και ξεσκεπαστήκατε σε όλους, τουλάχιστον κατεβάστε το βίντεο που το ανεβάσατε και εσείς. χαχαχα",3,0,1,,4 years ago (edited),,,,
μπραβο και παλι μπραβο που Ο ΜΙΧΑΛΟΛΙΑΚΟ μπορεσε και ξεθωλοσε αληθειες της πολιτικης καταταξης που καπιοι φοβουνται να δεχτουν πως παιξαν μεγαλο ρολο στην αυτην μεγαλη προδομενη ΕΛΛΑΔΑ!!!!!!!ΟΣΟ ΓΙΑ ΤΟ ΑΜΑ ΑΠΑΝΤΟΥΣΕ Η ΟΧΙ ΣΕ ΑΠΑΝΤΗΣΕΙΣ ΧΑΡΗ ΣΑΣ ΕΚΑΝΕ ΓΙΑΤΙ ΟΛΑ ΕΙΝΑΙ ΕΝΑ ΨΕΜΑ ΠΟΥ ΞΕΡΕΤΑΙ ΚΑΙ ΑΠΛΑ ΚΡΥΒΕΤΑΙ ΑΠΟ ΤΑ ΜΑΤΙΑ ΤΟΥ ΛΑΟΥ ΟΛΟΙ ΕΙΣΤΕ ΦΙΔΙΑ ΤΗΣ ΑΡΙΣΤΕΡΗΣ ΚΑΤΑΤΑΞΗΣ ΚΑΙ ΕΙΣΤΕ ΠΡΟΔΟΤΕΣ                                           ΑΙΜΑ                            ΤΙΜΗ                 ΧΡΥΣΗ ΑΥΓΗ    !!!!!!!!!!!!!!!!!!!!!!!!,2,0,1,,9 years ago,,,,
"ΔΟΥΛΕΙΑ ΣΤΟΝ ΕΛΛΗΝΑ ΕΡΓΑΤΗ
ΚΑΤΩ ΤΑ ΧΕΡΙΑ ΣΑΣ ΑΠΟ ΤΗ ΓΗ ΜΑΣ ΚΑΙ ΤΟΝ ΠΛΟΥΤΟ ΜΑΣ
ΖΗΤΩ ΤΟ ΕΘΝΟΣ ΤΩΝ ΕΛΛΗΝΩΝ",1,0,1,,10 years ago,,,,
"Μιχαλιοκος : ας μιλήσουμε για το 2012 το πρόγραμμα μας, όχι το παρελθόν. 
Μπογδανος :Πώς θα κανετε ενοποίηση των τραπεζών; 
Μιχαλιοκος : Αυτό είναι πολύπλοκο θέμα, δεν είμαι οικονομολόγος.",1,0,1,,4 years ago,,,,
αστεια συνεντευξη,1,0,1,,5 years ago,,,,
Εισαι Θεός αρχηγέ!,1,0,1,,8 years ago,,,,
Χαίρομαι απίστευτα που εν ετει 2019 ο μεν είναι εκτός βουλής και ο δε εκτός τηλεόρασης.,1,0,1,,3 years ago,,,,
Χωρίς να υπερασπίζομαι κανεναν ο Μπογδάνος πραγματικα δεν κανει διαλογο στη συγκεκριμένη συνέντευξη και ευτυχώς που φορούσε το ακουστικό γιατί δεν μπορούσε να αντιμετωπίσει τον Μιχαλολιάκο,3,0,1,,3 years ago,,,,
"εν το μεταξύ ο άλλος που φοράει ακουστικό έχει 10 άτομα πίσω απ τις κάμερες που τον γεμίζουν με πληροφορίες, ο ένας ψάχνει το παρελθόν, ο άλλος ακούει και ψάχνει αυτά που λέει ο Μιχαλολιάκος, ο άλλος του παπαγαλίζει τον πρόλογο που λέει.. και έτσι όπως το βλέπουν οι τηλεθεατές είναι σαν να είναι 1 vs 1 ενώ είναι 1 vs 10. xD",1,0,1,,10 years ago,,,,
Η Δημοκρατία έχει και τα καλά της... (Από όλη την εκπομπή αυτό μου έμεινε. Συνεχίστε να αναβάζετε την Χ.Α....),2,0,1,,11 years ago,,,,
"Ο Γλέζος το 1935 μετοίκησε στην Αθήνα μαζί με την οικογένειά του, όπου και τελείωσε το Γυμνάσιο όπως και ο αδερφός του Νίκος Γλέζος , ο οποίος εκτελέστηκε από τους Ναζί 10-5-1944 (Πηγή wikipedia)",1,0,1,,3 years ago,,,,
απιστευτη 'συζητηση'...εντελως αλλα αντι αλλων.....απο το ενα θεμα στο αλλο.,1,0,1,,11 years ago,,,,
ωραίος ο αρχηγός,1,0,1,,7 years ago,,,,
"-εχει κανενα ειρμο η σκεψη σας ??
22:10
-βεβαιως!! σαφεστατα !! η σκεψη μου ορμαται απο τον ειρμο της αποκαλυψης...",3,0,1,,5 years ago,,,,
Εμένα μου φαίνεται ότι ένας έμπειρος δημοσιογράφος δεν θα ήταν έτσι όπως και να φαίνεται ότι το κοντρόλ του δίνει τις απαντήσεις με αυτόν τον τρόπο. Τον βλέπω ότι το έχει πάρει απο την αρχή στραβά το θέμα. Έχω δει συνέντευξη του Τράγκα με τον Μιχαλολιάκο που έχει κάνει ίδιες ερωτήσεις και δεν έχει ξεφύγει καθόλου η συζήτηση.,2,0,1,,10 years ago,,,,
Συγχαρητήρια στον αρχηγό της  Χ.Α. Ν. Μιχαλολιάκο  που τα λέει έξω απ τα δόντια. Θεωρώ  κρίμα όμως που τον έχουν αποκλείσει  τα μέσα μαζικής ενημέρωσης… Διερωτώμαι τι φοβούνται ,2,,0,1,,10 years ago,,,
ΖΗΤΩ ΤΟ ΕΘΝΟΣ,1,0,1,,1 year ago,,,,
"Welcome to an hour of hell with the leader of the Golden Dawn party!
An absolutely hilarious and predictably insane interview...after about 47 minutes of this marathon, Mr Michaloliakos asks for a commercial break because he is probably worn out by his younger host...he probably also needed to go to the bathroom and also take a tranquilizer! LOL! I was just thinking that adding a couple of other yahoos like Lafazanis and Venizelos to this interview would have probably turned the SKAI studio into a psychotic war-zone from another dimension in another cosmic universe! LMAO LOL!
Laughter is still the best medicine...!",1,0,1,,7 years ago,,,,
το γελοιο της υποθεσης ειναι ο υποβολεας που ακουγεται απτο ακουστικο του μπογδανου..:P,1,0,1,,9 years ago,,,,
"μια καταλυτική συνέντευξη που ακόμα στοιχειώνει τα κεντροαριστερόσκυλα
#AntAnt88",3,0,1,,6 months ago,,,,
τραγικοί και οι δύο!,3,0,1,,10 years ago,,,,
"βλεπω το βιντεο με επαγελματικα ακουστικα, αλλα πιστευω πως ολοι μπορουμε να ακουσουμε στο 12:49 το κοντρολ να λεει στον μπογδανο τι να πει.....",1,0,1,,3 years ago,,,,
Aρχηγε για πάντα θα είστε ο αρχηγός της καρδιάς μας.Ειχατε απόλυτο δίκιο όταν λέγατε πως ετούτος εδώ ο λαός έχει χρεοκοπήσει ηθικά.Δεν σώζεται με τίποτε. Σε κάθε περίπτωση συνεχίζουμε τον αγώνα μας για αλήθεια δίκαιο Ελλαδα και εθνικισμό κι ας γνωρίζουμε ότι πρόκειται για ουτοπία. Οθεος των ελλήνων να σας δίνει δύναμη και κουράγιο.,1,0,1,,3 years ago,,,,
Εσείς μπορεί να ακουσες και για την Κοκκινοσκουφίτσαπως τον πετσόκοψες έτσι αρχηγέ μπράβο Μιχαλολιάκε,3,0,1,,3 years ago (edited),,,,
μιλαμε γραφεις ιστορια μεγαλε!,1,0,1,,8 years ago,,,,
ετσι λοιπον θα μπορουσα κι εγω να πω για τον λενιν αλλα διαλεγω αναμεσα σε 2 σφαχτες τον καλυτερο ετσι δεν πρεπει να βαδιζουμε με τους καλλυτερους?,1,0,1,,10 years ago,,,,
Το ποσο αγράμματος και ανιστόρητος ειναι ο Μιχαλολιακος μου κράτησε το ενδιαφέρον για μια ολόκληρη ωρα ️,3,0,1,,8 years ago,,,,
Κάποτε και το ΣΥΡΙΖΑ ήταν τρίτο κόμμα και όμως κατάφερε να βγει πρώτο. Μόνο αυτό έχω να πω...,,0,1,,4 years ago,,,,
Ο Μπογδάνος φοβερός και ψύχραιμος δημοσιογράφος,1,0,1,,1 year ago,,,,
οτι πιο αστειο  .,1,0,1,,1 year ago,,,,
"Κωνσταντίνος Μπογδάνος , Το αγελαδινό του βλέμα 12:49
Βγαλτου το ακουστικό και δεν αρθρώνει λέξη .

Κάτω όλα το κόμματα ,
Ζήτω η  πολιτική σκέψη .",3,0,1,,9 years ago,,,,
ΕΙΣΤΕ ΕΡΓΟΛΑΒΟΙ !!!!!!!!!!!!!!!! ΓΑΜΑΤΟ,5,0,1,,11 years ago,,,,
"Με τους υπόλοιπους 299 μαζί και αυτός. Πραγματικά υπάρχουν άνθρωποι που ακολουθούν και υποστηρίζουν τέτοιου είδους άτομα; Μέχρι τα μισά του βίντεο που είδα, δεν κατάφερα να αποσπάσω κάτι. Ο άνθρωπος πληρώνεται από το ελληνικό κράτος; Και όλοι οι άλλοι μαζί. Αν ο Πλάτωνας έβλεπε όλα αυτά θα έκαιγε τα βιβλία του και θα απαρνιώταν την καταγωγή του.  Δεν έχει καν λόγο, χωρίς να απαντάει σε κάτι.Αστείος, ""φωτομοντάζ"" χαχα. 

""Η Πολιτεία είναι αυτή που είναι επειδή οι πολίτες είναι αυτοί που είναι..""",3,0,1,,7 years ago,,,,
Η φάση ακούγεται ο άλλος στο αυτί του μπογδανου,1,0,1,,3 years ago,,,,
Κ. Μπογδάνο συγχαρητήρια για την υπομονή σου στην εκπομπή...,1,0,1,,11 years ago,,,,
Λες και μιλάει ρομπότ είναι ο Μπογδάνος,2,0,1,,10 months ago,,,,
"Στο 20:00 

-Θελω να καταγραψω την δημοσιογραφικη σου αποτυχια 
-Παρακαλω 

χαχΑΧαχΑΧαΧΑχΑΧαχΑΧαχα",2,0,1,,10 years ago,,,,
"Δεν θέλω να ισχυριστώ κάτι τέτοιο ρε συ διάλογο κάνουμε, απλά σου λέω ό,τι παρατηρώ. Δυστυχώς η χα έχει παρουσιαστεί ως αντισυστημικό κόμμα ακριβώς επειδή όλοι την καταδικάζουν, και θα μου πεις μα η χα συνέχεια βρίζεται με αυτούς. Κι όμως όσο και να φαίνεται έτσι είναι γένημμα θρέμμα του συστήματος και είναι πολύ απλό γιατί: Πριν τη χα όλοι είχαν το μυαλό τους στην κρίση και η ΝΔ κινδύνευε να χάσει την εξουσία. (συνεχίζω παρακάτω...)",1,0,1,,10 years ago,,,,
"Όταν τον ρωτάει κάτι αλλάζει θέμα , όταν του καταρίπτει τα επιχειρήματα πάλι αλλάζει θέμα χαχαχα ο πιο γελείος δημοσιογράφος όλων μακράν",2,0,1,,11 years ago,,,,
Χαχαχα ρε παιδια κυκλοφορούσε τέτοιο βίντεο και εγώ δεν το είχα δει!!! Μπογδάνοooooo χαχαχαχαχα! Όσοι είδαν αυτό το βίντεο μάλλον θα γίνουν χρυσαυγίτες... χαχα,2,0,1,,5 years ago,,,,
Tha ithela na do ton Noti s'afto to panel:))  Noti is the man:)) Nick and Noti NN super asfaleia:),1,0,1,,4 years ago (edited),,,,
Το ζευγαρι μηχαλολιακος-μπογδανος με βοηθαει να χεσω η και να ξερασω οταν εχω αναγουλα,3,0,1,,3 years ago,,,,
Άκου Αρχηγέ...... Και άκου το καλά...........,1,0,1,,9 years ago,,,,
"4. My last question regards some oddities of Greek politics. If he is indeed a Nazi (National SOCIALIST) why doesn't his party take seat on the left side of the parliament - where Nazism, despite its far-right-styled actions, nominally belongs - instead of the right one? Everyone knows that the extremes of the far-wings are three: Communism and Nazism on the left (the second at least nominally) and Fascism on the right. This gentleman seems indecisive of what his party represents...",1,0,1,,10 years ago,,,,
Τεράστιε Αρχηγέ !!!!!!!,1,0,1,,4 years ago,,,,
Ρε παιδιά είμαι ο μόνος που ακούει τα μισά από αυτά που λέει ο Μπογδάνος να του τα φωνάζει κάποιος από το κοντρόλ,2,,,0,1,,5 years ago,,
Μιχαλολιακος: δημοκρατια εχουμε ο καθενας μπορει να λεει οτι θελει.,1,0,1,,4 years ago,,,,
Να υπενθυμίσουμε ότι το 2012 ήταν το απόγειο των αυτοκτονιών,2,0,1,,3 years ago,,,,
ζητω ο αρχηγος!,1,0,1,,11 years ago,,,,
"Σημειώνω τα κύρια σημεία. 
(1) Λάθος του Μπογδάνου: ""Βίαια"" αντί ""δυναμικά"". Γλωσσικό ατόπημα, δεικνύον αμάθεια.
(2) Ενδυματολογικό λάθος του Μπογδάνου: Μπλουτζίν με κοστούμι στο πάνω τμήμα του κορμού.
(3) Ταύτιση του επιμάχου χαιρετισμού με τον ναζισμό, αν καί υπάρχει από την Αρχαία Ελλάδα. Τώρα ότι κάποιοι αμαθείς ή στρατευμένοι τον ταύτισαν με τον ναζισμό είναι άλλο θέμα.
(4) Θεωρεί την τετρακτύ ως ναζιστικό σύμβολο, αν καί υπάρχει από την Αρχαιότητα.-",1,0,1,,11 years ago,,,,
"""... είσαι στημένος ....αλλά θα κανεις μια τρύπα στο νερό "".   (   συγκλονιστικός  )",2,0,1,,4 months ago,,,,
BRAVO RE Νίκο Μιχαλολιάκο.....!!!,1,0,1,,10 years ago,,,,
Στο 31.30 που του λέει από το μικρόφωνο (λέτε πάλι ψέματα),2,0,1,,2 years ago,,,,
πρέπει να λέγεται πλαγίως και υπογειος!! Όχι ευθεως!,1,0,1,,7 years ago,,,,
"Η ΧΡΥΣΗ ΑΥΓΗ ΕΙΝΑΙ ΤΟ ΜΟΝΟ ΜΗ ΞΕΠΟΥΛΗΜΕΝΟ ΚΟΜΜΑ,ΕΛΠΙΖΩ ΝΑ ΜΗΝ ΑΛΛΑΞΕΤΕ ΠΑΙΔΙΑ..ΕΙΣΤΕ Η ΤΕΛΕΥΤΑΙΑ ΜΑΣ ΕΛΠΙΔΑ",1,0,1,,10 years ago,,,,
"ο μπογδανος μια με τον φυρερ να ουρλιαζει και μια με τον υποβολεα να του δινει οδηγιες στο αυτι εχει χασει τα αυγα και τα πασχαλια..λεει σε μια φαση ""ριχνετε τη μπαλα στο δικο μου το μπαλακι""χαχα..γενικα το πιο ψυχαγωγικο βιντεο εδω και καιρο χαχαχα",2,0,1,,11 years ago,,,,
ΧΑΧΑΧΑ ΓΕΛΑΩΩΩΩ,1,0,1,,4 years ago,,,,
"πωωωωωωωωωωωωωωωωωω διαφωνώ σε όλα με τον Μιχαλολιάκο και τις ιδέες του... αλλά ρε παιδάκι μου ο καράφλας είναι απλά απαράδεκτος!!! 

Έχω δει δύο εκπομπές του ... αυτή και μία με τον Τζήμερο. Απαράδεκτος απλά και απρεπής και στις δύο.",3,0,1,,10 years ago,,,,
Δεν υπαρχει επικοινωνια πιστευω σε καθε ερωτηση απανταει με κατι εντελβς ακυρο πως αυτος ο ανθρωπος μπορει να κανει διαλογο,2,0,1,,4 years ago,,,,
Διάλογος από τα λιντλ. Απαράδεκτα και τα 2 πρωτεύοντα!,2,0,1,,5 years ago,,,,
δυναμώστε το για να ακούσετε τις οδηγίες από το control!!! Τη στιγμή μάλιστα που Μιχαλολιάκος κοιτάζει για μάρτυρες στο στούντιο ο Μπογδάνος βρίσκει ευκαιρία να φτιάξει το ακουστικό του!,2,0,1,,11 years ago,,,,
έπαιζε το μάτι του Κώστα στο τέλος... χαχα,1,0,1,,9 years ago,,,,
Πρόεδρε είσαι Θεός.,1,0,1,,2 weeks ago,,,,
ΤΡΑΓΙΚΟΣ Ο ΚΑΤΜΑΝΝΝ,2,0,1,,4 years ago,,,,
"Κλειστε τα ματια σας οταν μιλαει ο Μπογδανος.
+1 αν ακουσατε τον Κοντιζα",2,0,1,,3 years ago,,,,
"Πως να δεις ΣΩΣΤΑ αυτη την εκπομπη.
1: Ανοιξε καινουρια καρτελα youtube
2: Ψαξε ""ζουζουνια"" και πατα το μεγαλυτερο σε διαρκεια βιντεο που βρεις
3: Χαμηλωσε λιγο τον ηχο απο τα ζουζουνια για να ακους τι λενε εδω
4: Φορα καπελακι απο παιδικο παρτυ και παρε ποπ κορν ή κατι 
Καλη διασκεδαση",1,0,1,,7 years ago,,,,
"Δεν έχω απαντήσει στην ερώτησή σου που τόσο επιμένεις γιατί είναι εκτός θέματος και γιατί δεν είναι η ουσία και έχει απαντηθεί από άλλα πράγματα που λέω...
Αλλά ναι κυκλοφορώ βράδυ στην Αθήνα. Το ότι είναι επικίνδυνο, ναι είναι, σε κάποιες περιοχές. Αλλά κάποιος που έχει αδικηθεί (και ακόμη αδικείται!!) είναι αναμενόμενο να παρανομεί όπως παρανομούμε σχεδόν όλοι μας για να επιβιώσουμε και όπως παρανομεί και ο Μιχαλολιάκος που εσύ (χωρίς διόλου κριτική σκέψη) υποστηρίζεις...
ελπίζω να σε κάλυψα..",1,0,1,,10 years ago,,,,
Υπέροχος Νίκος Μιχαλολιάκος!!!,1,0,1,,11 years ago,,,,
Αίμα τιμή ΧΡΥΣΗ ΑΥΓΗΗΗΗΗΗΗΗΗΗΗ,1,0,1,,3 years ago,,,,
Αυτος ο δημοσιογραφος ειναι απλα γελοιος. και ετσι θα μεινει στην μνημη μας. Αιωνια του η μνημη,2,0,1,,11 years ago,,,,
Πριν ο αλέκτωρ λαλήσει τρείς... αν χάσεις την ιδεολογία σου έχεις χάσει τα πάντα,2,0,1,,2 months ago,,,,
23:48 ''Ο υποβολέας του κυρίου Μπογδάνου''.,1,0,1,,8 years ago,,,,
αυτος ο δημοσιογραφος ειναι τελειως αμπαλος,1,0,1,,11 years ago,,,,
"Τι ανοήτος τύπος !
τι ανοήτος κόσμος που τους ψήφιζει.",3,0,1,,9 years ago,,,,
"""Τι παρασταση δωσατε ρε""",2,0,1,,1 year ago,,,,
κοίτα να δεις που θα συμπαθήσουμε τον Μπογδάνο τώρα,1,0,1,,3 years ago,,,,
Η γραμματική εχει ξεψυχήσει σε αυτο το βίντεο,2,0,1,,4 years ago,,,,
ΣΚΑΙ ΜΠΟΡΕΙΣ ΝΑ ΒΑΛΕΙΣ ΤΟ WWE ΝΩΡΙΤΕΡΑ ΝΑ ΔΟΥΜΕ ΚΑΙ ΕΜΕΙΣ ΚΑΤΙ !!!!,2,0,1,,4 years ago,,,,
Sta epistrefoume!,1,0,1,,10 years ago,,,,
θαυμάζω την ψυχραιμία του δημοσιογράφου!,1,0,1,,10 years ago,,,,
μεγαλε ΑΡΧΗΓΕ,1,0,1,,6 years ago,,,,
Μου αρέσει ο Μιχαλολιακος γιατί βάζει τον Μπογδανο στην θέση του!!,1,0,1,,2 years ago,,,,
τι είδα που δεν είδα τόσα χρόνια!!!! ντροπή μου που παρέβλεπα αυτό το βίντεο....,1,0,1,,3 months ago,,,,
"Χρυσή Αυγή, το μόνο αντικαθεστωτικό κόμμα που δεν είναι έχει λερωμένα χέρια και μπορεί να σηκώσει το κεφάλι στην Ευρώπη.",1,0,1,,8 years ago,,,,
Ο Μιχαλολιάκος κλασικά γελοίος αλλά και η συνέντευξη του Μπογδάνου τραγική...,1,0,1,,11 years ago,,,,
Here is a classic example of the new-age-Greek inability to carry a democratic argument. The interruptive interviewer is in constant defence of his socio-political beliefs. The persistent interviewee pry’s into the dialog with but  no success.,2,0,1,,11 years ago,,,,
31:14 έκρηξη στο μυαλό του Μπογδάνου,1,0,1,,4 months ago,,,,
Jotaro be like : Shut up both of you . I hate it when two people fight like this .,1,0,1,,2 years ago,,,,
Πραγματικά ίσως είναι η χειρότερη συνέντευξη που έχει παρθεί ποτέ.Καμία συνοχή στις σκέψεις του ο υποβολέας από μέσα του απαντάει σε ερωτήσεις που του κάνει ο Μιχαλολιακος μετά από πόση ώρα.Αλλά λόγια να αγαπιόμαστε.,2,0,1,,2 years ago,,,,
"Αν βάλετε ακουστικά, ακούγονται καθαρά οι οδηγίες από το κοντρόλ...",1,0,1,,9 years ago,,,,
ΧΡΥΣΗ ΑΥΓΗ ΕΡΧΟΜΑΣΤΕ!!!!!!!!!!!!!!!!,1,0,1,,11 years ago,,,,
Ένα μπράβο στον μπογδανο που είχε τα κότσια να φέρει έναν τέτοιο άνθρωπο στην εκπομπή του,1,0,1,,8 years ago,,,,
"1,5 εκατομμύριο προβολές ! Κρίμα που εξελιχθηκαν έτσι τελικά τα πράγματα . Χαθηκε μία ευκαιρία για την Ελλάδα . 
Εγιναν πολλά λάθη ...",2,0,1,,1 year ago (edited),,,,
Μπράβο Μπογδάνο!!!!!!!!,1,0,1,,11 years ago,,,,
Name a better duo,1,0,1,,1 year ago,,,,
"25:48 ""Σας λέει τίποτα το Μι Κάπα Όψιλον;""",1,0,1,,3 years ago (edited),,,,
Είναι μπογδάνος ο Κώστας ο Ρουφιάνος!,1,0,1,,3 years ago (edited),,,,
"sto oti exeis ftiaksei ena senario sto mialo sou kai to eksfendonizeis me vevaiotita 1000% eno i pithanotita gia kati tetoio einai poli mikri...an einai dinaton, epesa pano sto video, to eida kai to proto pragma pou skeftika itan afto pou egrapsa..kai apo oti vlepo kai alloi ta idia lene...kai esi evgales porisma oti exo diavasei to arthro enos adonarou (mesa sta 1000 arthra pou prepei na yparxoun sto diadiktio gia to thema) kai les oti to epanalavano...poso allo elliniki klise siberifora pleon",2,0,1,,11 years ago,,,,
ΩΣ ΤΗ ΝΙΚΗ ΑΡΧΗΓΕ,1,0,1,,3 years ago,,,,
ποτέ δεν απαντάει σε οτιδήποτε.. κάφρος απίθανος,3,0,1,,3 years ago,,,,
"Ειλικρινα βλεποντας και ακουγοντας αυτη την συνεντευξη αντιλαμβανετε κανεις πανευκολα τα εξης:

- Το οτι ο Μπογδανος ειναι ΑΚΑΤΑΛΛΗΛΟΣ για οποιαδηποτε σοβαρη συνεντευξη/συζητηση.
- Υπηρξε μια αποτυχημενη ΥΠΕΡ προσπαθεια του να βγαλει καποια ""στοιχεια"" κατα της ΧΑ και να στριμωξει τον αρχηγο της.
- Οι ανθρωποι πισω απο το ακουστικο του Μπογδανου φωναζαν πολυ :)
- Οι ανθρωποι πισω πο το ακουστικο του Μπογδανου, δεν καθοδηγουσαν οσο θα επρεπε τον Μπογδανο ωστε να καταφερει αυτο που ειχε/ειχαν προετοιμασει....


Αλλη φορα να βαζετε εναν σοβαροτερο και ικανοτερο Δημοσιογραφο ωστε να ""αντλησει"" τις οποιες πληροφοριες μας ενδιαφερουν σαν κοινο και οχι τον Μπογδανο και αλλους ΑΜΕΑ.",3,0,1,,4 years ago,,,,
μπογδανο πραγματικα τι να πω..και εσυ εργαζομενος εισαι..οτι σου λενε κανεις...,2,0,1,,9 years ago,,,,
"Συγχαρητήρια, δεν έχω δει πιο πειστικό επιχείρημα.",1,0,1,,11 years ago,,,,
to thema den einai auto...to thema einai oti h katastash sthn xwra mas exei ksefugei k tosa xronia tipota den ginetai....mporei na leme oti h XA einai to ena k einai to allo alla h PRAGMATIKOTHTA deixnei oti exoun autoktonhsei tosoi Ellhnes logw auths ths krishs pou uparxei....kati prepei na allaksei k prepei na to paroun xampari OLOI...kai den lew oti oi XA-ites einai oi swthres tou kosmou...alla toulaxiston as tous dwsoume mia eukairia na doume ti mporoun na kanoun k ekeinoi...,2,0,1,,11 years ago,,,,
ο hitman ειναι ανενημερωτος και αγενης,3,0,1,,4 years ago,,,,
"Προφανώς, ο κύριος Μπογδάνος είναι αρκετά άπειρος για να αντεπεξέλθει σε μία τέτοια συνέντευξη. Θεωρώ ΑΠΑΡΑΔΕΚΤΗ την επιλογή αυτού του ανθρώπου από το κανάλι, ο Μιχαλολιάκος απλά τον ""έπαιζε"", η ""συνέντευξη"" ήταν τουλάχιστον ανυπόφορη!! Κρίμα, δεν έχω κάτι άλλο να πω..",2,0,1,,10 years ago,,,,
Κλαιωωωωωωωωω,1,0,1,,3 years ago,,,,
"Μετά παραπανιοντουσαν οι χρυσαυγητες γτ δεν τους καλούσαν στην τηλεόραση. Τέλος πάντων,ξεβρωμησαμε από αυτούς.",1,0,1,,3 years ago,,,,
"yaaaaaaay! I agree with all this shit even though I don't speak Greek. Blood, Honor, Golden Dawn.",3,0,1,,10 years ago,,,,
Μπράβο!!,1,0,1,,6 months ago,,,,
Τελικά η ιστορία έδειξε ότι ο Μπογδάνος δεν διέφερε και πολύ από τον Μιχαλολιάκο..,2,0,1,,3 years ago,,,,
Ευθέως με τον Βασίλη Λεβέντη  - 09/01/2014,1,2,0,https://www.youtube.com/watch?v=WLequgheuYo,9 years ago ,,,,
Στον Ενικό - Βασίλης Λεβέντης - 28.9.2015,1,3,0,https://www.youtube.com/watch?v=x7MSXPRB4hE,8 years ago ,,,,
I am not a fan of Mitsotaki/ Bakoyianni family but the reality is they have been voted by the people. Good or bad they have been voted in!!,1,0,3,,2 years ago,,,,
"Εχω δει 1 ωρα,τον Βερυκιο τον εχει κανει με τα κρεμυδακια. Συνεχιζει και τα λεει πολυ σωστα παντως!",1,0,3,,8 years ago,,,,
εξαιρετικός πολιτικός ο Λεβεντης.....,1,0,3,,8 years ago,,,,
αιμετικος ο βερυλιος για ακομα μια φορα!!!!,3,0,3,,7 years ago,,,,
Κύριε Νικο,1,0,3,,4 years ago,,,,
"Δεν έχω δει το βίντεο, αλλά ότι ο ΣυριζοΝικολάου θεωρείται σοβαρός δημοσιογράφος, πραγματικά με ξεπερνά.",1,0,3,,2 years ago,,,,
πολυ ωραια εκπομπη εχουν καθισει και ακουνε παραμυθακια απο τον παππουλη,1,0,3,,8 years ago,,,,
"Αυτη η κατάσταση με τους δημοσιογράφους είναι comic  τι να πω!!!!! Γιατι τους καλουν αφού δεν τον αφήνουν να μιλήσει,και αυτο με τις συντάξεις ολα τα λεφτά  γουρλοσαν τα μάτια με το που το άκουσαν, δεν εχουν καθόλου εικόνα της ζωής του κόσμου",2,0,3,,5 months ago,,,,
Ο μεγαλύτερος κωμικός της πολιτικής γερό λεβέντης!!!,2,0,3,,3 years ago,,,,
Εχετε δει το σπιτι του Βερυκιου στον Αη Γιωργη 3.500.000 Ευρω.....σας δουλευουν ρεεεεεεε.πες τα Λεβεντη πες τα!!!!,1,0,3,,7 years ago,,,,
FOR SOUR Mr LEVENDIS ONE DAY  WILL BE THE BEST ..PROEDROS TIS ELLINIKIS DIMOKRATIAS ...,1,0,3,,8 years ago,,,,
''Γιατί να μην γενικολογούμε όπως ο θεοδωράκης'',1, Μηηηηηηηηηηηηηηηη μιλάμε για τον κ.θεοδωράκηηηηηηηηηηηηηηη! Δεν είναι σωσττόοοοοοοο! Γιατί ρε πρώην μπολσεβίκοι να μην μιλάμε για το παιδί αυτό, δημοκράααααααααααταροι !,0,3,,8 years ago,,
1:22 Σοβαρότατο ερώτημα: Τι θα γίνει με τους προσφυγακιδες που ματαίωσαν με τις προσφυγές στο ΣΤΕ τόσες επενδύσεις και χάθηκαν τόσες δουλειές Σε κάποιες περιοχές κάποιες δήθεν οικολογικές οργανώσεις και κάποια ντόπια συμφέροντα με τις προσφυγές τους ματαιωσαν την κατασκευή μεγάλων τουριστικών μονάδων που θα έφερναν ανάπτυξη Ο πρόεδρος δυστυχώς δεν απάντησε,1,0,3,,8 years ago,,,,
O Vereikios einao poli yeleios ehei ekei 2 ores kai opote milaei prospathi na korodevi to Levendi. Autos einai yia ta proina!!,3,0,3,,2 years ago,,,,
"Figje re Verikie,dhen exis megalosi toso poli oso na antimetopizis ton Levendi.O Levendis ine ja prothipurgos,kie pu 'se ,me ton Cipra tha dhume an tha paris sindaksi meta apo 2017>Edho tha imaste kai tha dhume",2,0,3,,8 years ago,,,,
1:16:43,1,0,3,,1 year ago,,,,
ΑΥΤΟΣ ΕΊΝΑΙ ΛΕΒΈΝΤΗΣ ΕΣΎ,1,,0,3,,2 years ago,,,
Κε Λεβέντη σε πήρε μυρωδιά ο κόσμος και δεν πήρες ούτε 14 ούτε 20 % κι ίσως δεν ξαναδείς ούτε το 4 % . Άρα έχει δίκιο και ο Βερύκιος και η Κοραή .,2,0,3,,2 years ago (edited),,,,
poso zwa einai merikoi ekei,3,0,3,,7 years ago,,,,
leventaros,1,0,3,,8 years ago,,,,
oVerikios tin paleuei?,2,0,3,,8 years ago,,,,
"Ο Βασίλης Λεβέντης έχει ένα ωραιότατο πρόγραμμα ΠΕΡΙΚΟΠΩΝ τόσο καιρό που τον ακούω το οποίο παρουσιάζει κ διαφημίζει,όμως ΠΡΟΓΡΑΜΜΑ ΑΝΑΠΤΥΞΗΣ τίποτα!!Το παραμικρό!!!!Πρόγραμμα ανάπτυξης δεν είναι η επιστροφή των χρημάτων από το εξωτερικό χωρίς φόρο κ ποινή κ εξαναγκασμός επένδυσης του 50% αυτών.Αυτό άντε να καλύπτει το 5% της ανάπτυξης που χρειάζεται να γίνει στην Ελλάδα αυτή τη στιγμή.Επίσης αυτό που έχω παρατηρήσει στον Λεβέντη είναι ''μην του θίξουμε την Γερμανία΄΄ κ απορώ γιατί?",2,0,3,,8 years ago,,,,
Ξεφτιλησε τους .,3,0,3,,2 years ago,,,,
"If Levendi was not a gentleman he would of humiliated that clown Verikios! The guy has no class Levendis only mistake wast hat he should of put him in his place on TV in front of thousands of viewers but sadly he did not!!! Even though he showed himself to everyone he is not a serious reporter or whatever he is suppose to be!!!

Oso akouo auton to Deimo toso ton skenome ti pereimeneis ena Areistero Moutro!! This guy Deimo is the biggest joke I have seen the more I watch the more he disgusts me!!",3,0,3,,2 years ago (edited),,,,
"O Vereikeios is the biggest looser Hatzinikolao should never have him on his show. He has tried to make Levendi look like a fool. He is fine for the morning show that he is on talking about Gossip. But he is very disrespectful towards Mr. Levendi this man fought 30 years the 2 power house ND and Pasok and finaly with his hard work sweat got into parliamant. If I was living in Greece I dont support his party but I respect him and if I had to choose someone from a small party to be in Parliament it Mr. Levendi.

This Clown Vereikio has done nothing compared to Levendi he is the joke not Levendi!!! Hatzinikolao mistakes for bringing him on a serious show!!!",3,0,3,,2 years ago,,,,
"Για το οτι εβαλε συγγενεισ στα ψηφοδελτια ειναι διαφορετικο απο τους υπαλληλους γιατι οι πρωτοι πρωτοι ''πιανουν δουλεια'' εφ'οσον εκλεγουν, και οι δευτεροι διοριζονται αναξιοκρατικά.",1,0,3,,8 years ago,,,,
1.38.36 pshfiste to mwro,2,0,3,,7 years ago,,,,
"Εγώ προσωπικά θα σταθώ μόνο σε αυτό-02:00:40-02:01:24
κι αυτό 02:02:44-02:02:56",1,0,3,,8 years ago,,,,
"Κι εγώ τον ψήφισα το 2015 (και 2004-2007). Αποδείχτηκε ότι παρά την πολύ μεγάλη προβολή του από τα μεγάλα κανάλια, όπου έγραψε ώρες συνεντεύξεων όσες κανένας άλλος πρόεδρος τα 5 τελευταία χρόνια, ήταν ανεπαρκής, ασόβαρος, ανοργάνωτος και γενικά ακατάλληλος για να ηγηθεί του μεταρρυθμιστικού χώρου. Τώρα έχω στραφεί στο Θάνο Τζήμερο και βλέπω τη διαφορά στην ιδεολογική συγκρότηση (αρθρογραφία) και στις εφαρμόσιμες και δουλεμένες προτάσεις του.
Ο Λεβέντης έχει ένα προφίλ αθώου και αφελή ανθρώπου, αλλά κατά βάση είναι μεγάλη αλεπού και συμφεροντολόγος. Επίσης, έχει πολύ μεγάλη ιδέα για τον εαυτό του και γι'αυτό δε συνεργάζεται ποτέ με κανέναν, αφού θέλει μόνο αυτός να είναι αρχηγός. Τέλος, ο πολιτικός του λόγος και οι αναφορές του είναι 30-40 χρόνια πίσω, ενώ αγνοεί παντελώς τη σημασία του Διαδικτύου και των κοινωνικών δικτύων για ένα σύγχρονο κόμμα. Οργάνωση κόμματος, νεολαίας και τακτικών συνεδρίων, μηδέν.
Η φράση του Λαζόπουλου: «συμπαθής είναι, παπαριές λέει», με εκφράζει απόλυτα.",2,0,3,,3 years ago (edited),,,,
Βγαίνουν γελοίοι οι άλοι επίτηδες για να πάρει ο λεβέντης credits σοβαροφάνειας γιατι έχει την φήμη που έχει απο την πορεία του στην τηλεόραση ..... κάποιοι τον θέλουν στα πράματα και δεν μιλάω για το σύνολο που τον ψήφισε ....,2,0,3,,7 years ago,,,,
"Λεβεντη κρατα γερα, κρατα το καλα το 0,0005% που θα παρεις την κυριακη ...χεχεχεχε",2,0,3,,4 years ago,,,,
Στον Ενικό - Άδωνις Γεωργιάδης - 5.10.2015,1,4,0,https://www.youtube.com/watch?v=fr7SSEj-d_I,8 years ago ,,,,
υπουργός αξίζει,1,0,4,,2 months ago,,,,
Υπουργε αξιζεις,1,0,4,,3 months ago,,,,
1:39:26 top!,1,0,4,,1 year ago,,,,
Υπουργός αξιζει,1,0,4,,2 months ago,,,,
γπουργε αξιζεις,1,0,4,,4 months ago,,,,
υπουργός αξιζει,1,0,4,,3 months ago,,,,
"ωραιες γραβατες , το βιντεο εχει θεμα ασυνχρονιζεται το βιντεο με τον ηχο και πολλες φορες δειχνει αλλο καρε με αλλον ηχο",1,0,4,,8 years ago,,,,
1:37:45 εδώ γελάει και το παρδαλό κατσίκι ααα ρε άδωνι με έκανες και γέλασα,1,0,4,,3 years ago,,,,
Έχει δίκαιο ο Άδωνης που λέει ΕΓΏ ΜΠΟΡΩ ΝΑ ΝΙΚΉΣΩ ΤΟΝ ΤΣΊΠΡΑ Να γιατί: Ο Τσίπρας από βήματος Βουλής ευχήθηκε στον Μεϊμαράκη να είναι αυτός στο μέλλον που θα συζητάει μαζί του για όλα τα ζητήματα και θα συνεργαστούν για το καλό της χωρας,1,0,4,,8 years ago,,,,
"Σε μια στιγμή ""ευφάνταστης"" και ευρηματικής ερώτησης του κ. Χατζηνικολάου, προς τον Άδωνι Γεωργιάδη, αναφορικά με το αν οι ιδεολογίες γεννούν δουλειές ή όχι (ήταν η αμέσως προηγούμενη επισήμανση του Άδωνι Γεωργιάδη), η κα Λώρα Ιωάννου, έσπευσε να υπερθεματίσει υπέρ Χατζηνικολάου και μάλιστα, χαχάνιζε από πάνω.
Όταν όμως,  αμέσως και μέσα σε μία πρόταση ο Άδωνις Γεωργιάδης, εξήγησε ότι οι ιδεολογίες ρυθμίζουν τις οικονομίες και εκείνες με την σειρά τους και ανάλογα με το μοτίβο των κατευθύνσεων τους, γεννούν δουλειές ή όχι τελικώς, της κόπηκε το γελάκι, αμέσως!!!
Φαίνεται, από την απόλυτη πεποίθηση που είχε προηγουμένως (και σε όλη της την ζωή), και που αποτόμως της έκοψε τον ρου (υποτιθέμενο σωστό), που νόμιζες ότι είχε...",1,0,4,,4 years ago,,,,
Νομιζω οτι εχει βρει τον μαστορα του μπραβο στον κ. Χατζηνικολαου,1,0,4,,1 year ago,,,,
52:05,1,0,4,,5 months ago (edited),,,,
Έχει δίκαιο ο Άδωνης που λέει ΕΓΏ ΘΑ ΝΙΚΉΣΩ ΤΟΝ ΤΣΊΠΡΑ Ιδού η απόδειξη: Ο Τσίπρας από βήματος της Βουλής ευχήθηκε στον Μεϊμαράκη να είναι για πολλά χρόνια αυτός με τον οποίον θα συζητάει μαζί του και θα συνεργάζονται για το καλό της χωρας,1,0,4,,8 years ago,,,,
Δηλωσιας...,1,0,4,,3 years ago,,,,
Σωστος,1,0,4,,4 months ago,,,,
1:38:25 egkefaliko se ekseliksh,1,0,4,,8 years ago,,,,
τσίρκο Μετρανο,1,0,4,,4 years ago,,,,
"Φοβερός δημοσιογράφος ο κ. Χατζηνικολαου....
Στο 52.05"", αναφέρει, στον Αδωνι Γεωργιάδη <<επίσης, στείλατε 4.000 γιατρούς στα σπίτια τους>>.  Και ο Άδωνις Γεωργιάδης, επί της ουσίας τον αποδομεί, αποδεικνυοντας στο αμέσως επόμενο λεπτό, ότι έπρεπε να κρατήσουν μια από τις δύο δουλειές που είχαν μέχρι εκείνη την στιγμή, και την ίδια ακριβώς στιγμή, 1000 νέοι γιατροί, που προηγουμένως δεν είχαν ΚΑΜΙΑ δουλειά, τώρα έχουν.
Πραγματικά, τρομερός δημοσιογράφος, και μάλιστα, φοβερά ενημερωμένος...",1,0,4,,4 years ago,,,,
Τώρα πιά ο κόσμος θέλει μόνον αλήθειες και αλήθειες λέει μόνον ο Αδωνις !!!,1,0,4,,8 years ago,,,,
ΑΥΤΟΣ ΔΕΝ ΕΙΝΑ ΠΟΛΙΤΗΣ ΤΟΝ ΑΧΡΙΣΤΟΝ ΒΙΒΛΊΩΝ! ΕΒΡΕ ΠΟΥ ΕΠΕΣΕΣ Ελλάδα!,3,0,4,,1 year ago,,,,
"τι αηδιες λεει , ελεος!",3,0,4,,2 years ago,,,,
megale Adoni,1,0,4,,1 year ago,,,,
ων,1,0,4,,3 years ago,,,,
"Adonis .Georgiadis is the Man  
Your like him or not .Who cares
The guy is genius and charismatic
We Love Adonis 🇬🇷🇬🇷🇬🇷",1,0,4,,3 years ago,,,,
Αληθινός..,1,0,4,,4 years ago,,,,
Ο Γεωργιαδης είναι ο ποιο ευφυής πολιτικός που έχει περάσει από Την Ελλάδα μετά την κλασική εποχή 400 πχ,1,0,4,,3 years ago,,,,
Kai oi dyo ta idia skta einai...,3,0,4,,3 months ago,,,,
H ELLADA PAEI KATA DIAOLOU KAI AYTOI ASXOLOUNTE  ME TO DEKSIA. KAI ARISTERA...,3,0,4,,3 months ago,,,,
Xestike  epano tou o Adwnis  ..me to vivleio.......An den gyreves  sygnwmi .. den tha eisouna tipota twra.....,2,0,4,,3 months ago,,,,
O Άδωνις Γεωργιάδης στο μάθημα της Ιστορίας για την Μακεδονία και τον Φίλιππο (1ο μέρος),1,5,0,https://www.youtube.com/watch?v=b_6KFrKOznA,5 years ago ,,,,
ΜΑΘΗΜΑΤΑ ΙΣΤΟΡΙΑΣ - ΒΥΖΑΝΤΙΟ,1,6,0,https://www.youtube.com/watch?v=jPVnHTpGTxw,5 years ago ,,,,
Εξαιρετικός ιστορικός και στην παρουσίαση της και ο τρόπος έκφρασης της διδασκαλίας του. Συγχαρητήρια,1,0,6,,1 year ago,,,,
Αγάπησα την ιστορία από αυτές τις διαλέξεις. Ο καθηγητής παίζει πολύ σημαντικό ρόλο! Συγχαρητήρια κύριε Γεωργιάδη.,1,0,6,,1 year ago,,,,
Διαφωνω σε πολλα μαζι του αλλα στην ιστορια και τη παρουσιαση της θα επρεπε να τον δει ολη η ελλαδα.Συνχαρητηρια,1,0,6,,2 years ago,,,,
"πολύ καλό μάθημα, διαδραστικό, με πολλές πληροφορίες, χιούμορ και συμπεράσματα!",1,0,6,,5 years ago,,,,
ΕΙΜΑΙ ΠΟΛΙΤΙΚΑ ΑΠΕΝΑΝΤΙ ΣΟΥ ΑΛΛΑ Η ΠΑΡΟΥΣΙΑΣΗ ΣΟΥ ΗΤΑΝ ΕΞΑΙΡΕΤΙΚΗ!!!,1,0,6,,3 years ago,,,,
"Αν κ γενικά δε τον παω καθόλου, μπορω να πω οτι εδω μαρεσε παρα πολυ οπως τα ειπε κ τα παρουσίασε.",1,0,6,,2 years ago,,,,
Ωραιος!! Πολυ καλη παρουσιαση!,1,0,6,,2 years ago,,,,
Συγχαρητήρια τέτοιους Καθηγητές χρειάζεται η Ελλάδα να ανοίξουν τα μυαλά των Ελλήνων!!Αν ξέραμε το μεγαλείο της Ρωμιοσύνης θα μασταν πολυ διαφορετικά σήμερα αλλά που τέτοια μυαλά εμεις που ακόμα ζούμε το σύνδρομο του εμφυλίου!! Καταστρέψαμε και τους εαυτούς μας  αλλα και όλους τους αδερφούς ομόθρησκους λαούς που μεγαλούργησαν αιωνες μαζί μας γιατί  μας πίστεψαν αλλά δυστυχώς πολλοί  έσβησαν δεν υπάρχουν  και άλλοι χαροπαλεύουν οπως αυτοί στην Μες.Ανατολή!!και σε πολλά μέρη της Μεσογείου αλλά  και της Μαύρη.Θαλλασσας!!,1,0,6,,2 years ago (edited),,,,
"Μπράβο πολύ σωστή και λογικά διαμορφωμένη απάντηση Χαρίλαε! Φαίνονται αμέσως τα ιδεολογικά εργαλεία ιστορικής ερμηνείας του Βασίλη Πασχάλη. Δυστυχώς έτσι δεν γίνεται Ιστορία, γίνεται διαφώτιση ή προπαγάνδα! Τώρα Αριστερή , Αρχαιολατρική ?Δεν ξέρω!",1,0,6,,5 years ago,,,,
"ένας ιστορικός που λείπει από την Ελληνική παιδεία... ένας δάσκαλος που διδάσκει σαν παραμύθι την Ελληνική Ιστορία... απλή, εμπεριστατωμένη, με χιούμορ, απόλυτα κατανοητή... σε ευχαριστούμε Άδωνη... πιστεύω ότι τα μαθήματα ιστορίας που παραδίδει ο Άδωνης θα έπρεπε να τα ανεβάζετε ολόκληρα στο youtube, για να μπορούν να τα παρακολουθήσουν και αυτοί, που για οικονομικούς λόγους δεν μπορούν να γραφτούν στα μαθήματα...",1,0,6,,2 years ago,,,,
Μακάρι να είχαμε καθηγητές σαν τον Άδωνι στα σχολεία μας. Θα αγαπούσαμε τα Αρχαία Ελληνικά και την Ιστορία μας και δεν θα τα βλέπαμε σαν μαθήματα-αγγαρεία.,1,0,6,,5 years ago,,,,
Θα ηταν εξαιρετικός καθηγητής ο Αδωνης.... Τρομερές γνώσεις και δεν σε κουράζει καθολου!,1,0,6,,3 years ago,,,,
Αυτός είσαι ρε Μέγα Άδωνι.,1,0,6,,3 years ago,,,,
Καταπληκτικά βιντεο και με το απαραιτητο χιουμορ. Συνεχισε Αδωνη.,1,0,6,,5 years ago,,,,
"κ.Γεωργιάδη είστε εξαιρετικός στην αφήγηση της ιστορίας. Ομολογώ ότι ,όπως και τις διαλέξεις για τον Μ.Αλεξανδρο , ο λογος σας με έπεισε να παρακολουθήσω με προσοχή όλη σας τη διάλεξη .
Συμφωνώ σχεδόν σε όλα όσα είπατε για το Βυζάντιο. Έχω ωστόσο τις ενστάσεις μου
1. Δε συμφωνώ ότι το Βυζάντιο είναι αυτοκρατορία. Πρόκειται για κοσμοσυστημα με πολεοκεντρικη δομή, με την Κωνσταντινούπολη στο ρόλο της μητρόπολης. 
2.Σε καμία περίπτωση δεν πρέπει να ταξινομείται στον μεσαίωνα, καθώς ουδέποτε υπήρξε φεουδαρχικο ή θεοκρατικό όπως αναφέρατε. Αντίθετα,
οι κάτοικοι του Βυζαντίου είναι πολίτες και όχι δουλοπάροικοι όπως στη δυση.
(Πως μπορούν άλλωστε να κάνουν στάσεις ή να αμφισβητούν ανοικτά τον βασιλιά τους;)
3.Δεν μπορώ να αντιληφθώ τον ισχυρισμό σας ότι η αναγεννησιακή δύση είναι ανώτερη πολιτισμικά από το Βυζάντιο.",1,0,6,,1 year ago,,,,
"Εξαίρετη ανάπτυξη και παρουσίαση του θέματος..!! 


 και",1,0,6,,3 years ago,,,,
"Ξεχαστε  ότι είναι πολιτικος,σαν δάσκαλος εδώ-καθηγητης είναι εξαιρετικος,κατεχει τρομερες γνωσεις και είναι φοβερα μορφωμένος!",1,0,6,,5 years ago,,,,
"Η ιστορική επιστήμη λόγω έλλειψης στοιχείων  αφήνει πολλά περιθώρια για προσωπικές ερμηνείες. Βασικά ερμηνεύει κάποιος τα γεγονότα ανάλογα με τις πεποιθήσεις του. Ειδικότερα στην τριβή χριστιανισμού-ελληνισμού ο Γεωργιάδης τάσεται φανερά υπέρ του πρώτου (εντάξει πολιτικός ειναι ο άνθρωπος, θέλει να επανεκλεγεί), ενώ άλλοι το βλέπουν αλλιώς.",1,0,6,,4 years ago,,,,
Αμείωτο ενδιαφέρον καθ'όλη τη διάρκεια,1,0,6,,5 months ago,,,,
"Bravo professore, poli sosta'",1,0,6,,2 years ago (edited),,,,
Φοβερή αφήγηση της ιστορίας και συζήτηση. Ευχαριστώ για το βίντεο.,1,0,6,,5 years ago,,,,
ΑΔΩΝΑΡΟΣ !!!,3,0,6,,5 years ago,,,,
"Στο επεισόδιο του Νικηφόρου Φωκά με τον Λιουτπράνδο, ο δεύτερος μπήκε φυλακή γιατί αποκάλεσε τον Γερμανό Όθωνα ""Αυτοκράτορα Ρωμαίων"" (όχι σκέτο Αυτοκράτορα) και τον Νικηφόρο ""Αυτοκράτορα των Γραικών (Ελλήνων)"". Και το ερώτημα είναι: ο Άδωνις δεν το γνωρίζει αυτό ή διαστρέβλωσε επίτηδες το περιστατικό, ώστε να μη φανεί ότι οι Βυζαντινοί θεωρούσαν τη ρωμαϊκή ταυτότητα πολύ σημαντικότερη από την ελληνική; 
Παρακάμπτω την επική κοτσάνα ότι ο ""Ρωμαίος"" ήταν όπως ο ""Ευρωπαίος"", γιατί ο Άδωνις δεν είναι ο μοναδικός που αγνοεί την εθνοτική διάσταση του ονόματος (μπορεί όλοι οι κάτοικοι της αυτοκρατορίας να ήταν Ρωμαίοι πολίτες, ""Γένος Ρωμαίων"" όμως ήταν μόνο οι ελληνόφωνοι και όχι οι Αρμένιοι, οι Σλάβοι κ.λ.π.)",1,0,6,,5 years ago (edited),,,,
ΑΔΩΝΑΡΟΣ για πάντα!!!!,3,0,6,,5 years ago,,,,
Μπράβο πολύ καλό βίντεο συνεχίστε έτσι κύριε Γεωργιάδη,1,0,6,,3 years ago,,,,
"Όπως έχω γράψει  και σε άλλο βίντεο του Άδωνι σαν αφηγητής ιστορικός είναι σχεδόν άφταστος . Να λέμε αλήθειες ...
Μιλάει σχεδόν 2 ώρες με τον ίδιο σχεδόν στόμφο , ακούραστα ΚΑΙ δε βαριέσαι...είναι απίστευτο. !
 ΑΛΛΑ ,επιμένω όπως και στο άλλο βίντεο ότι χρειάζεται να παραθέτει βιβλιογραφία,..οι χρονολογίες , τα ονόματα , τα γεγονότα που αναφέρει είναι ακριβή , χωρίς καμία εξαίρεση...
Όμως τα στολίδια που χρησιμοποιεί , αυτό το έξτρα αλατοπίπερο που δείχνει βαθιά γνώση , χρειάζεται πηγές για να πειστεί ο ακροατής για το κύρος των δηλώσεων του και των λεγόμενων του γενικά...
Κατά τα άλλα ειλικρινά ΜΠΡΑΒΟ  !

Υγ : Η ξανθούλα προς το τέλος , τι φάση. ??
Θέλει να ακυρώσει όλα τα ανέκδοτα που κυκλοφορούν χρόνια ολόκληρα για τις ξανθιές. ??",1,0,6,,1 year ago (edited),,,,
σαν πολιτικο τον στηριξα επι καρατζα..μετα δεν μου αρεσε καθολου η στροφη του προς Νδ και λοιπων ..αλλα δεν παυει να γνωριζει πολυ ελληνικη ιστορια  και για αυτο τον παρακολουθω ανελλιπως .στην ελληνικη αγωγη..σπανιο στις μερες μας να διδασκομαστε σωστα και επι της ουσιας  πραγματα για τους προγονους μας...,1,0,6,,5 years ago,,,,
Οι Γάλλοι και οι Γερμανοί ξαναέγραψα την ιστορία διαστρεβλονοντα στην οι Ρωνη ιδρύθηκε από Έλληνες και τον Καρλομαγνο που έγραψε τα ψέματα τον   επίπληξη μέχρι και ο Γάλλος βασιλιάς αλλά δυστυχώς η Τουρκοκρατία ήταν πολύ μεγάλη σε διάρκεια πού τα ξεχάσαμε  όλα,1,0,6,,2 years ago,,,,
11:07 ελάτε  Σφύζει από ομορφιά η αίθουσα..,1,0,6,,4 years ago,,,,
Πετάει και το καρφί για τον ΣΥΡΙΖΑ..αυτά συμβαίνουν όταν κανεις μάθημα ιστορίας και μπλεκεις την πολιτική,3,0,6,,4 years ago,,,,
Αυτό το ξανθό με το ροζ ολλα τα λεφτα!,1,0,6,,4 years ago,,,,
Εκει σε θέλουμε κύριε Γεωργιαδη,1,0,6,,10 months ago,,,,
"ουυπς ένα λάθος οι τσαροι της Ρωσιας ξεκινησαν μετα το 1550  που δεν υπήρχε βυζαντιο, της βουλγαριας ηταν πιο παλια απο το 800+",1,0,6,,5 years ago,,,,
"Εχω πάθει πλάκα με αυτά που ακούω, που γίνονται αυτά τα μαθήματα;",1,0,6,,4 years ago,,,,
"''Και η Αγία Ελένη, την έβρασε''
Αγία, όχι αστεία!!!",1,0,6,,5 years ago,,,,
"Ξέρει πολλά, αλλά γνώσεις που μεταλαμπαδευεσαι από αυτόν δεν μπορείς να τις τοποθετήσεις σε σοβαρή συζήτηση διότι τα λέει χοντροκομμένα, του καφενείου που λέμε. Ωστόσο είναι καλός για να σου ανοίξει τους ορίζοντες και να διαβάσεις περαιτέρω!",1,0,6,,3 years ago (edited),,,,
46:50 Μάλλον για κλάματα είναι αυτό παρά για γέλια...,1,0,6,,2 months ago,,,,
Rome:Total War,1,0,6,,3 years ago,,,,
Η απόδειξη ότι πολλοί άνθρωποι ασχολούνται με λάθος επάγγελμα,1,0,6,,1 year ago,,,,
Ο νεοτερος Ελληνισμος γεννηθηκε και στα Ελληνιστικα βασίλεια.,1,0,6,,3 months ago,,,,
Λαθος Αδωνη. ο Κωνσταντίνος Παλαιολόγος στην τελευταία ομιλία μιλούσε ως απόγονος Ελλήνων και Ρωμαίων προς απογόνους Ελλήνων και Ρωμαίων.,1,0,6,,5 years ago (edited),,,,
δυστυχως δεν ακουγονται τα σχολια του κοινου,1,0,6,,5 years ago,,,,
Και όμως κινείται,1,0,6,,1 year ago,,,,
πολύ εποικοδομητικό κύριε Γεωργιάδη. Μόνη παρατήρηση όταν λέτε Αλήθειες μην τις λέτε μέσα από τα δόντια....,3,0,6,,7 months ago,,,,
5:26 Φυτώριο,1,0,6,,2 years ago,,,,
"ΣΥΓΝΩΜΗ ΠΟΥ ΤΟ ΡΩΤΑΩ ΑΥΤΟ ΕΔΩ, ψάχνω όμως την απάντηση και δεν μπορώ να την βρώ πουθενά...! Η απορία μου είναι πώς γίνεται τα χρόνια Πρό Χριστού να μετρώνται ανάποδα (εφ' όσων δεν γνωρίζαμε την ημερομηνία έλευσης του Χριστού). Μπορεί κανείς να μου απαντήσει αυτό το ερώτημα? Ευχαριστώ!! Κώστας.",1,0,6,,4 years ago,,,,
"Αν και ενδιαφερουσα διαλεξη, πολυ κακη αρθρωση . Χρειαζεστε μαθηματα φωνητικης.",3,0,6,,1 month ago,,,,
"Πρέπει να διορθώσει κάπως την ομιλία του , λίγο πριν τελειώσει κάποια πρόταση χάνεται μέσα στις λέξεις , μιλάει γρήγορα και δεν καταλαβαίνεις τίποτα.",3,0,6,,3 years ago,,,,
Τον γεωργιαδη!!!σοβαρα τωρα!.μαθημα πολιτισμου απο τον γεωργιαδη,3,,,0,6,,2 months ago,,
"Ποιος οφείλεται για το κενό της εξέλιξης των επιστημών δεν μας λέτε όμως. 
Πόσα επιστημονικά βιβλία κάηκαν; Ποιοι τα έκαψαν;",1,0,6,,1 year ago,,,,
Μαγκες οσοι μπορειτε και δεν τα παρακολουθητε απλα χανετε....,1,0,6,,5 years ago,,,,
Πολύ σωστά δεν είμαστε συνεχιστές των αρχαίων Ελλήνων αλλα αυτο που είπε ο καθηγητής.Ειμαστε Ρωμιοί.,1,0,6,,5 years ago,,,,
"Επειδή πολλες φορες αναφέρει την Κωνσταντινούπολη ως νέα Ρωμη να πουμε οτι η Κωνπολη δεν έφτασε ποτέ την Ρώμη σε χλιδή και μεγαλοπρέπεια. 
Πράγμα που φαίνεται ακόμα και σήμερα",1,0,6,,1 year ago,,,,
"Στην αρχή τι θέλει να πει ο ποιητής; Ότι δεν υπάρχει συνέχεια από την αρχαιότητα; Όταν τα λένε άλλοι τους λέμε εθνομηδενιστες, τώρα πως αποκαλείται αυτό που είπε ο Άδωνις;",1,0,6,,11 months ago,,,,
"Μαθήματα Ιστορίας | Μ. Αλέξανδρος, υϊός Διός",1,7,0,https://www.youtube.com/watch?v=Gy11gPAD8nQ,1 year ago ,,,,
εξαιρετικη αναλυση ας ελπισουμε να συνεχιστει για τον Μ.Αλεξανδρο,1,0,7,,1 year ago,,,,
"Τρομερή αφήγηση, συγχαρητήρια κύριε Άδωνη Γεωργιάδη!",2,0,7,,1 year ago,,,,
"Είτε διαφωνεί, είτε συμφωνεί κάποιος με τις πολιτικές επιλογές του κ. Γεωργιάδη,ως ιστορικός είναι εκπληκτικός.
 Πραγματικά καθηλώνει... Οι λεπτομέρειες,οι παρενθέσεις που παραθέτει, όσο κι αν έχεις διαβάσει , θα μάθεις κάτι που δεν είχε τονιστεί.
 Μαζί με το μάθημα για τον Φίλιππο και τον νεαρό Αλέξανδρο, είναι μακράν οι καλύτερες ιστορικές εκπομπές. Σας ευχαριστούμε.",2,0,7,,1 year ago,,,,
Καθηλωτικός!! Κρίμα που τα Ελληνόπουλα δεν διδάσκονται τίποτε σχεδόν για τον Μ.Αλέξανδρο!,2,0,7,,1 year ago,,,,
"Πολλά, πολλά Συγχαρητήρια!!!",2,0,7,,1 year ago,,,,
Τον εχω παρακουθησει εκ του συνεγγυς σε μαθηματα Ιστοριας. Εναι εξαιρετικος. Οι απιστευτες γνωσεις Ιστοριας τον βοηθουν να εχει εξαιρετικά επιχειρηματα σε ολες τις  τηλεοπτικες εμφανίσεις του.. Το απολαμβανω παντα.,1,0,7,,10 months ago,,,,
"Κύριε Γεωργιάδη σας ευχαριστώ τα μάλα και από καρδιάς για τον τόσο μεγάλο όγκο πληροφοριών εξιστόρησης γεγονότων της Αρχαίας Ελληνικής Ιστορίας και Πολιτισμού και ιδιαίτερα για την περίοδο της εκστρατείας κατακτήσεως, του Μεγάλου Αλεξάνδρου, του ως τότε γνωστού κόσμου. 
Επίσης σας συγχαίρω για το επίπεδο γνώσης και χρήσης της Ελληνικής γλώσσας.",1,0,7,,8 months ago,,,,
"Συνεχίστε την εξαιρετική σας δουλειά. Εύγε!! 
Ευτυχώς υπάρχουν κάποιοι που ακόμα προσπαθούν να μάθουν ιστορία στον Έλληνα",1,0,7,,1 year ago,,,,
"Μπράβο,υπέροχο μάθημα!",1,0,7,,2 months ago,,,,
"Αν και πολιτικά δεν συμφωνώ με τον κύριο, εκτιμώ απίστευτα τις γνώσεις του και το λέγειν του ως προς τον Αρχαίο Ελληνικό πολιτισμό. Μακάρι οι νέοι να παραδειγματιστούν",2,0,7,,1 year ago,,,,
Πόσα σημαντικά πράγματα λέτε!Συνεχίστε την προσπάθεια! Μπράβο!,1,0,7,,1 year ago,,,,
Καταπληκτικό,1,0,7,,4 months ago,,,,
Πολύ γλαφυρή περιγραφή με εύστοχα σχόλια και επεξηγήσεις. Θα χαιρόμασταν  να βλέπαμε αντίστοιχα μαθήματα για τη σύγχρονη ιστορία του 20ου αιώνα και όχι μόνο.,1,0,7,,1 year ago,,,,
"Φανταστικό!
Το περιμέναμε καιρό!",1,0,7,,1 year ago,,,,
"Ο κ Γεωργιαδης είναι τρομερός γνώστης και ακόμα καλύτερος αφηγητής καθώς σε καθήλωνει σε κανει να αγαπας την ιστορια να θες να την μελετησεις σε βαθος.Στην συγκεκριμενη ομίλια στο μονο που διαφώνω ειναι λιγο στην περιγραφη του τροπου παταταξης του στρατευματος και στην στραγικη που απο οτι εχω διαβάσει διάφερει.Για αρχή η μακεδονικη φάλαγγα αποτελουνταν απο απο 16 στιχους και 16 ζυγους δλδ 256 ατομα, είναι πρακτικα αδύνατων να πολεμουν μισοι μπροστα και μισοι πισω στην ιδια παραταξη θα ειχαν σφαχτει μόνοι τους καθως απο απο την τριτη σείρα και πισω επειδη το βάρος της σαρισσας ήταν μεγάλο και η ροπη οσο πιο πισω ηταν τεραστια ακουμπουσαν τις σαρισσες στον ωμο η κατω απο την μασχαλη απο τους μπροστινους τους.Στο κέντρο πάντα υπηρχαν οι φαλλαγιτες με τις σαρισσες και λογω οτι ήταν πολυ δισκαμπτει σε ελιγμους και ευκολη λια σε υπερφαλλαγιση πάντα στο ελεύθερο ακρο τους υπηρχαν οπλιτες με με μεγαλη θορακιση που ο σκοπος τους ηταν να προστατευουν το κεντρο και κανενας αλλος γι αυτο ονομαζοντουσαν υπασπιστες οι θωρακιτε οπλιτες.Στην συγκεκριμενη μαχη επειδη ηξερε οτι θα περικυκλωθει εφάρμωσε την στρατιγικη της λοξης φάλλαγας με αποτελεσμα το αριστερο τμημα του παρμενιωνα που θα δεχοταν την πιο σφορδη επιθεση να απέχει απο τον περσικο στρατο εκατονταδες μετρα σε σχεση με το κεντρο και δεξια πλευρα.Δευτερον δημιουργησε μια εφεδρικη γραμμη πισω απο την κυρια που ηταν οπλιτες ελαφρη πεζικο και σκοπο είχαν να συνδραμουν οποια πλευρα πηγαινε να υπερφαλλαγιστει.Το ιππικο της δεξιας πλευρας που ηταν το καλυτερο και περισσοτερο (αριστερα είχε το αξιο θεσσαλικο ιππικο με διαταγη να κρατησει εδαφος) το εβαλε να κινηθει δεξια και να απομακρυνθει τακτικα απο το πεδιο της μαχης και απο πισω του λογω της σκονης που σηκωσαν τα αλογα εκρυψε μεγαλο αριθμο απο πελταστες και ελαφρη πεζικο   καθως το πεζικο ξεκινησε την εφορμιση.Ο Δαριος επειδη φοβηθηκε οτι θα τραβηχτει η μαχη μακρια απο το ισιο τερεν που ειχε δημιουργησει για το πολυαριθμο ιππικο και τα δρεπανιφορα αρματα. γι αυτο διεταξε την αμμεση επιθεση των αρματων και της πλευρας του ιππικου που ηταν απεναντι απο τους θεσσαλους και ακολουθησε το ιππικο του Αλεξανδρου με το αλλο ιππικο.Καθως η μαχη πεζικου ειχε ξεκινησει και το κεντρο πιεζε και κερδιζε εδαφος ο παρμενιωνας μετα βιας κρατουσε την γραμμη να μην σπασει ο δαριος εστειλε και τους αθανατους να ριχτουν στην μαχη αφηνοντας τον σκετικα ακαλυπτο.Οταν το ειδε αυτο ο αλεξανδρος διεταξε καταμετωπο επιθεση και καθηλωση του αντιπαλου ιππικου με την βοηθεια του ελαφρους ιππικου και αυτος με την βασιλικη υλη κατευθυνθηκε κατευθειαν στα νωτα του δαριου.Τοτε οταν ειδε το αντιπαλο πεζικο στο κεντρο να προχωραει και ο αλεξανδρος απο διπλα να ειναι μια αναπνοει το εβαλε στα ποδια.Η αριστερη πλευρα σχεδον τραπηκε σε φυγει και μονο οταν ο Αλεξανδρος με το δικο του ιππικο πηγε για βοηθεια καταφεραν να διωξουν το πολυ καλο και πολυαριθμο ιππικο του δαρειου και μονο οταν καταλαβε οτι η μαχη χαθηκε.",1,0,7,,5 months ago,,,,
"μια διευκρινιση  για ποιοι ήταν οι δανειστές του Αλεξάνδρου ? 
αδιανόητο να μπορείς να κατακτήσεις τον κόσμο αλλά να έχεις δανειστή κάποιον που έχει τον έλεγχο",1,0,7,,1 year ago,,,,
Θέλουμε περισσότερο Αδωνι σε μαθήματα ιστορίας. Θα είχατε την καλοσύνη να δούμε Λακεδαιμονιων πολιτεία,1,0,7,,1 year ago,,,,
σε συνεπαίρνει!!,1,0,7,,2 months ago,,,,
"Επιτέλους!!!Γεια σου ρε,Αδωνι μάγκα!
100 χρόνια μπροστά είσαι",1,0,7,,1 year ago,,,,
ΕΥΧΑΡΙΣΤΟΥΜΕ,1,0,7,,5 months ago,,,,
Επιτελους ρε Αδωνι το περιμενα καιρο,1,0,7,,1 year ago,,,,
"Πολύ καλύτερος ως Ιστορικός, παρά σαν πολιτικός!",1,0,7,,1 year ago,,,,
Τελειο στην τηλεόραση τιποτα τέτοιο,1,0,7,,2 months ago,,,,
ADONI YOU ARE THE BEST KEEP DOING THIS AS LONG YOU CAN.THANK YOU THANK YOU,1,0,7,,1 year ago,,,,
"Για να μη ξεχάσουμε τα ελληνικά, το ""υϊός"" γράφεται ""υιός"".",1,0,7,,5 months ago,,,,
Ωραίος φίλε,1,0,7,,1 year ago,,,,
Το ελληνικό απόρθητη πόλη θα το κάνεις και αυτό σαν την τυρο?,1,0,7,,5 months ago,,,,
O adwnhs opws kai na to paroumai exei talento sthn istorikh afhghsh !,1,0,7,,4 months ago,,,,
Οι Μακεδόνες δεν πολέμησαν με τους Έλληνες! Οι Μακεδόνες πολέμησαν με τους Αθηναίους! Οι Μακεδόνες Έλληνες Ήταν,2,0,7,,1 year ago,,,,
Μόνο λόγια το μόνο σωστό που έκανε τα ναυπηγεία που λειτουργούν ξανά τίποτα άλλο αντί να βοηθούν το κόσμο για το Μέγα Αλέξανδρο μιλάει ότι να ναι αν ζούσαν όλοι αυτοί στα χρόνια του Μέγα Αλεξάνδρου θα ήταν σκλάβοι η θα τους έκανε αγάλματα,2,0,7,,5 months ago (edited),,,,
5:12 Της μιχαλους χαχα ωραίο.,1,0,7,,1 year ago (edited),,,,
"Θα ήθελα να ακούσω τα μαθήματα ιστορίας, αλλά από πολιτικούς που υποστηρίζουν τους βάρβαρους, στο σχέδιο τους να κατακτήσουν την χώρα μας χωρίς πόλεμο, δε θα το κάνω. Πιστεύω πως θα υπάρχει παραπληροφόρηση απ'αυτούς.",2,0,7,,4 months ago,,,,
επανάληψη είναι.,2,0,7,,1 year ago,,,,
"Οταν απελευθερωσε τους Μιλησιους,τους ακρωτηριασμένους,τι έγινε?κ γτ ουαν πήγε βρηκε αντίσταση απο Έλληνες στρατηγούς?",1,0,7,,6 months ago (edited),,,,
Πληροφοριες για τους 12 βωμους δεν βρίσκω 1:39:35,1,0,7,,1 year ago (edited),,,,
Με την πολιτική να μην είχες ασχοληθεί και θα είχες πάρα πολύ σεβασμό από ολους,2,0,7,,1 year ago,,,,
"Στο να πουλαει βιβλια διαδυκτιακα πιστευω ισως να ειναι καλος  ,απο κει εχει μαθει κιολας οτι ξερει και λεει γιατι του ειχαν μεινει αμανατι τα βιβλια που δεν αγοραζε κανεις απο αυτον...ανεργος φοιτητης κι αν ηταν φυσικα τελειοφοιτος.Απλως εχει το μπλα μπλα και γι αυτο τον επελεξαν να πολιτευτει.Ετσι κι εχεις την σημερον ημεραν μπλα μπλα ανετα γινεσαι πολιτικος...τρεξτε οσοι/ες εχετε το χαρισμα αυτο,σιγουρη κονομα!!!",1,0,7,,3 months ago,,,,
"Τι σημαίνει στην ελληνική γλωσσα ""υϊος"";",1,0,7,,4 months ago,,,,
Ποια είναι η κυρία στον υπολογιστή,1,,0,7,,15 hours ago,,,
υΪός,1,,,,,0,7,,2 months ago
Πάλι επανάληψη ελεος,2,0,7,,1 year ago,,,,
1,1,0,7,,1 year ago,,,,
Τ,1,0,7,,10 months ago,,,,
Αδωνη το επόμενο επεισόδιο που είναι,1, Νεοδημοκράτες είμαστε δεν έχουμε να πληρώσουμε αλλά θελουμε να μάθουμε από σένα. Ανεβάστε το επιτέλους.,0,7,,1 year ago,,,
"Τι συμβαινει με το ΑΡΘΡΟ 90 ΚΑΙ 91 ΤΟΥ ΣΥΝΤΑΓΜΑΤΟΣ ΤΗΣ ΕΛΛΑΔΟΣ ( ΟΜΟΛΟΓΙΑ ΤΗΣ ΜΗ ΔΙΑΚΡΙΣΗΣ ΤΩΝ ΕΞΟΥΣΙΩΝ ) ΚΑΙ ΔΕΝ ΕΧΟΥΜΕ ΔΗΜΟΚΡΑΤΙΑ, ΑΛΛΑ ΔΟΞΑ ΤΩ ΘΕΩ ΕΧΟΥΜΕ ΝΕΑ "" ΔΗΜΟΚΡΑΤΙΑ "" ????",2,0,7,,1 year ago,,,,
EISE POLH MAKAKAS VLAKA XAZARE,4,0,7,,2 months ago,,,,
"Σαν πολιτικο μπορει καποιος να τον μισει. Ειναι δεξιος περιεργος χαρακτηρας κλπ κλπ.
Σας δασκαλος ιστορικος ομως ειναι τρομερος.",2,0,7,,1 year ago,,,,
μου αρεσει αυτο με τους δανειστες αρα ποτε η Ελλαδα δεν εκανε επεκτατικο πολεμο για την παρτη της αλλα για καποιους αλλους .Μικρα Ασια δηλαδη,1,0,7,,4 months ago,,,,
Ισχύει ότι ο Μεγαλέξανδρος είχε προβεί σε νόμιμες επισυνδέσεις σε Παρμενίωνα και Φιλώτα,1,,0,7,,1 year ago (edited),,,
"Αδωνη ο Αλεξανδρος παντρευτηκε ξενη γυναικα ...δεν.ηταν κλειστομυαλος.οπως πολλοι...πολλοι..
Τωρα τα.στρατηγικα δε τα ξερω...
Τωρα",1,0,7,,1 year ago,,,,
"Ο Ελλαδέμπορος, ο πατριδοκάπηλος",3,0,7,,1 year ago,,,,
POS TON AKUTE VLAKES AFTON TON ANISTORITO OI VLAKES AKUNE ENAN VLAKA,4,0,7,,2 months ago,,,,
Και το αλλο που μου αρεσε του ξεχρεωνει και να ξαναεπενδυουν σε αυτον τον ξαναχρεωνουν δηλαδη,1,0,7,,4 months ago,,,,
Η Αραβικη ανοιξη που πηγε να καταστρεψει την βιβλιοθηκη εφαγε ομως και τον Κανταφι τον δικτατορα που τον κατονομαζε και ο Αδωνης .,1,0,7,,4 months ago,,,,
Έχει χάρισμα στην αφήγηση,1,0,7,,10 months ago,,,,
Κύριε Γεωργιάδη σας συγχαίρω ως δάσκαλο!!όχι ως πολιτικό.ισως θα έπρεπε για την υστεροφημία σας να μένατε στην πρώτη σας ιδιότητα αλλά μηδένα προ του τέλους μακάριζε...,1,0,7,,11 months ago,,,,
ν,1,0,7,,5 months ago,,,,
Πως ειχε πει ο Ναπωλεων Βοναπαρτης οτι τιποτα δεν αλλαζει και οι συμμαχιες και οι εχθρες κρατανε απο τα αρχαια χρονια,1,0,7,,4 months ago,,,,
Και απο ποιους δανειζοταν ?.Οι δυτικοι τοτε σκαβανε για βροβα.,1,0,7,,4 months ago,,,,
Η δημιουργία της σύγχρονης Ιαπωνίας: Η ιστορία μιας αυτοκρατορίας | καθ. Μαρία Ευθυμίου,1,9,0,https://www.youtube.com/watch?v=grXt-2yspYc,10 months ago ,,,,
"Κυρία Μαρία  σας ευχαριστώ.  Με κάνατε  να αγαπήσω  την  ιστορία  ,διαβάζοντας  πολλά  ιστορικά  βιβλία  γεμίζω  ευχάριστα  και δημιουργικά  τον  ελεύθερο χρόνο  μου  και δεν νοιώθω  μια  Παροπλισμένη  συνταξιούχος. Να  είστε  υγιείς  και να συνεχίζετε  πάντα  έτσι.",1,0,9,,9 months ago,,,,
"Εξαιρετικό! Μαζί με τις διαλέξεις της ασιατικής ιστορίας και των θρησκειών που έχουμε ακούσει ή παρευρεθεί, το βίντεο είναι θησαυρός. Ευχαριστούμε, από το Σίντνεϊ, όπου πολλοί πλέον συνεργάζονται με Ιάπωνες που επενδύουν στην Αυστραλία.",1,0,9,,10 months ago,,,,
Κυρία Ευθυμίου. Είστε απίθανη!! Σας παρακαλώ κάντε ένα podcast. Με όλες τις ομιλίες σάς!!!!περνάτε έμμεσα και ευγενικά αυτό που λείπει από την χώρα μας. Να διαπιστωσουμε μέσω της παγκόσμιας ιστορίας τις προϋποθέσεις ενός σοβαρού κράτους. (Προς το παρόν ....Ελλάς η χώρα Της Φαιδρας πορτοκαλεας. Σε πόλους κρίσιμους τομείς!!! Προσέξτε μην σας χτίσουν τα τούβλα με τούβλα στο πανεπιστήμιο σαν τον πρύτανη),1,0,9,,9 months ago (edited),,,,
Εξαιρετική αναλυτική και εύστοχη! Πολλά συγχαρητήρια!,1,0,9,,9 months ago (edited),,,,
Εύγε και ευχαριστώ για μία ακόμη φορά. Ευχαριστούμε κ. Ευθυμίου. Σας περιμένουμε στο Μαγευτικό και Πανέμορφο Γοργογύρι.,1,0,9,,9 months ago,,,,
"Το μεγάλο βόρειο νησί της Ιαπωνίας είναι όντος το Hokkaido με πρωτεύουσα το Sapporo. 

Όσο για την Okinawa δεν είναι του μεγέθους της Αίγινας, είναι τουλάχιστον σαν την Χίο, το μπερδεύει η ιστορικός με την Iwo Jima που είναι πράγματι μικρό νησί.

Τέλος οι Κουρίλες δεν οδηγούν στην Αλάσκα.",1,0,9,,6 months ago (edited),,,,
Με κάνατε  να αγαπήσω  την  ιστορίασας ευχαριστώ.,1,0,9,,9 months ago,,,,
"ΜΑΓΙΚΗ ΣΥΝΕΝΤΕΥΞΗ , μακαρι να μπορουσα να μετακομισω εκει",1,0,9,,9 months ago,,,,
μπορείτε να ανεβάσετε κάποιο λινκ από το βίντεο που αναφέρει η Κα ευθυμιου με τον μήνυμα του αυτοκράτορα και την αντίδραση του ιαπωνικού λαού ?,1,0,9,,10 months ago,,,,
"Πολύ ενδιαφέρουσα συζήτηση. Για το τυπικό η Okinawa ας αναφερθεί ότι δεν είναι ούτε Αίγινα ούτε Αγκίστρι σε μέγεθος,  ειναι πανω απο 100 φορες μεγαλύτερο νησί, αν θελετε Ελληνική σύγκριση πείτε 1.5-2 φορές το μέγεθος της Χίου !",1,0,9,,9 months ago,,,,
"Ο πιο διαβασμενος συγγραφεας στην Ιαπωνια ειναι ο Ελληνας Lefkadios Hearn που γεννηθηκε στην Λευκαδα, εζησε στην Ιαπωνια και εγραψε πολλα βιβλια λαογραφικα για την ζωη των Ιαπωνων πριν το 1900 μχ.Θα τον βρειτε στο Google!",1,0,9,,10 months ago,,,,
"Λογω στρατηγικης και αναπτυξης Κινας, δεν ειναι πιθανο να δουμε την Ιαπωνια να εξοπλιζεται στρατιωτικα και να γινη μια στρατιωτικη υπερδυναμη?",1,0,9,,9 months ago,,,,
Τι ωραία συζήτηση!!!! Μπραβο σας.,1,0,9,,10 months ago,,,,
Τελικά μάθαμε αν όχι τα περισσότερα αλλά αρκετά για την Ιαπωνία εκτός από την απάντηση στην ερώτηση για την αναγέννηση μετά τον 2° π.π που έκανε ο συνομιλητής στην κ.ευθυμιου....(κ μάλιστα δις την ρώτησε).,1,0,9,,9 months ago (edited),,,,
η καλυτερη!! μπορουμε σας παρακαλω να εχουμε και αλλα βιντεο? σας παρακαλω πολυ!! η κυρια μαρια ειναι η καλυτερη σαν ψυχολογος!!,1,0,9,,9 months ago,,,,
Υπάρχει αντίστοιχη λέξη στα αρχαία ελληνικά είναι η λέξη κοίλον. Τα κοίλα λοιπόν των αρχαίων Ελλήνων κάλα στα  δωρικά αντιστοιχούν στα  μαρού των Ιαπώνων.,1,0,9,,10 months ago,,,,
Συγχαρητήρια κυρία Μαρία,1,0,9,,5 months ago,,,,
πόσο ωραία ....ευχαριστώ.Μπράβο!!!,1,0,9,,9 months ago,,,,
"Εξαιρετική όπως πάντα η κυρία Ευθυμίου. Αλλά μία παρατήρηση, η ΕΣΣΔ δεν άργησε να μπει στον Β'ΠΠ όπως είπατε. Επιτέθηκε με 15 μέρες διαφορά από την Γερμανία, στην Πολωνία. Καθώς και στις Βαλτικές χώρες αμέσως, Λιθουανία, Εσθονία, Λετωνία. Επίσης και στην Φιλανδία!",1,0,9,,9 months ago (edited),,,,
Εξαιρετική συζήτηση!,1,0,9,,10 months ago,,,,
Ενδιαφερουσα ομιλια αλλα προβλημα ηχου. Δυσκολευομαι να παρακολουθω την συνεντευξη.,1,0,9,,9 months ago,,,,
"Την συμπαθώ παρα πολυ γιατι τα μαθηματα της δεν έχουν ίχνος εθνικιστικοτητας. Ειναι σαν μια κάμερα επάνω απ’τον πλανήτη, τελειως ουδέτερη• κλάσεις ανώτερη απο άλλους «ιστορικούς».",1,0,9,,3 months ago,,,,
Ευχαριστούμε ευχαριστούμε ευχαριστούμε....,1,0,9,,9 months ago,,,,
σας ευχαριστούμε κυρία Μαρία. ️🇯🇵,1,0,9,,10 months ago,,,,
"Πολύ ενδιαφέρον το αφιέρωμα στην αυτοκτονία και στην ασημαντότητα της ανθρώπινης ύπαρξης. Βολεύει κάθε είδους καπιταλισμό, δυτικός η ανατολικός να στερείς μόνος σου το πολύτιμο δώρο της ζωής σου. Αλίμονο στα ορφανά των ημερών της χώρας μας. Ανατριχιασα!",1,0,9,,9 months ago,,,,
"Αγάπησα την ιστορία εξ αιτίας σου κ.ευθυμια σ ευχαριστω
Ι",1,0,9,,3 months ago,,,,
"Οικογένεια Ιεγιάσου δεν υπάρχει. Υπήρξε όντως ο Τοκουγκάουα Ιεγιάσου ο οποίος λεγόταν Ματσουνταίρα Ιεγιάσου πριν αλλάξει το όνομά του και δεν ήταν μόνο δύο οικογένειες οι πρωταγωνιστές αλλά πολλοί περισσότεροι. Οι πιο σημαντικές ήταν η Τακέντα, η Όντα, η Μόρι, η Σιμάζου, η Ιμαγκάουα, η Ιεσούγκι κ.α.",1,0,9,,9 months ago,,,,
Ωραια χωρα ευγενικοι ανθρωποι   ξερουν την ελληνικη  ιστορια   το ιαπωνικο θαυμα  ετυχε να παω ταξιδι σε αυτη  τη χωρα   ηταν καταπληκτικα,1,0,9,,9 months ago,,,,
Η μειονότητα που ζει στα βόρεια νησιά της Ιαπωνίας που έχει έντονη τριχοφυία ονομάζεται Αινού.,1,0,9,,9 months ago,,,,
"Πολύ σημαντικό να φτάνει η ιστορία κοντά στον κόσμο αρκεί να φτάνει ακέραιη ειλικρινής , ολόκληρη, αντικειμενική. Και δυστυχώς σε πολλές ομιλίες που παρακολούθησα ειδικά στο κανάλι της Βουλής η κ. Ευθυμίου αδυνατεί να δώσει αντικειμενικά και ολόκληρα τα ιστορικά στοιχεία κ με αποτέλεσμα έστω και λίγο έστω και καλά καλυμμένα να κατευθύνει προς τις δικές τις πεποιθήσεις / συμπεράσματα",1,0,9,,9 months ago,,,,
Είστε καταπληκτική,1,0,9,,8 months ago,,,,
Θελω να κανω μια προταση στην κυρια Μαρια. Γιατι δεν ανοιγει ενα καναλι και να ανεβαζει βιντεο με ομηλιες της? θα το εβλεπαν τοσοι ανθρωποι και θα βοηθουσε πολλους οπως εμενα. Σας ευχαριστω κυρια Μαρια. ειμαι σιγουρη πως μπορειετε να το κανετε και αυτο,1,0,9,,9 months ago,,,,
ευχαριστούμε,1,0,9,,10 months ago,,,,
Είπε για τα αρχαία ελληνικά σύμβολα που χρησιμοποιούνται στην Ιαπωνία μέχρι σήμερα????,1,0,9,,9 months ago,,,,
Όλα καλά Κ ωραία αλλά την πρώτη κατάκτηση τήν κάνανε οι Κρήτες Με τά αποδεδειγμένα ταξίδια τους σέ όλο τον κόσμο μήν ξεχνάμε ποιοί έρχονται πάντα δεύτεροι,1,0,9,,9 months ago,,,,
Τη θάλασσα Την είχαν ανακαλύψει και κατακτήσει οι Έλληνες χιλιάδες χρόνια πριν τους βαρβάρους ως συνήθως οι καθηγητές και καθηγήτριες δεν μας τα λένε καλά,1,0,9,,9 months ago,,,,
Κυρία καθηγήτρια...,1,,,  Κυρία Ευθυμίου λέω...,0,9,,9 months ago,
Μπράβο ιαπωνια.,1,0,9,,1 month ago,,,,
Οι Έλληνες αιώνες πρίν,1,δεν είχαν φτάσει παντού,η σχεδόν παντού,,0,9,,9 months ago,
Δεν ηξερα για τις φρικαλεοτητες των Ιαπωνων στην Κινα! Επρεπε να τιμωρηθουν αυστηρα!,1,0,9,,10 months ago,,,,
Σε άλλο πλλανήτη δεν έκουμη πληροφορίες....,1,0,9,,6 months ago,,,,
"Υπαρξη και εξουσια,η καταρακωση της συνειδησης...εν αρχη ην ο λογος...δηλαδη η πληρης ΥΠΟΤΑΓΗ αυτα",1,0,9,,9 months ago,,,,
"Ήταν μια μεγάλη κουβέντα. Είμαι Ιάπωνας, και έχω ακούσει τις διαλέξεις της καθηγήτριας　Μαρίας  Ευθυμίου στο YouTube και εντυπωσιάστηκα.
Θα ήθελα να κάνω μόνο ένα σχόλιο.  
Κατά τη διάρκεια του πολέμου, υπήρξαν, φυσικά, ατυχίες που προκάλεσε ο ιαπωνικός στρατός στην ηπειρωτική Κίνα. Όμως τα γεγονότα τηςγενοκτονίας δεν υπάρχουν. Δυστυχώς, είναι κινεζική προπαγάνδα. Και εμείς οι Ιάπωνες πρέπει να αντιταχθούμε περισσότερο σε αυτό, αλλά δεν έχουμε επιχειρηματολογήσει λόγω του γεγονότος ότι χάσαμε τον πόλεμο. Η Ιαπωνία έχει μια κουλτούρα ντροπής. Αυτό είναι διπλωματικά αρνητικό.",1,0,9,,9 months ago,,,,
Ιαπωνία Κίνα το άκρως αντίθετο με την Ελλάδα,1,0,9,,9 months ago,,,,
"Μπράβο σας κ. Ευθυμίου, πολύ ωραία συζήτηση, για μια πολύ ενδιαφέρουσα χώρα! 🇬🇷🇯🇵",1,0,9,,9 months ago,,,,
Ωραία κουβέντα αλλά 2023 και κρατάνε το μικρόφωνο στο χέρι...,1,0,9,,10 months ago,,,,
"Κυρία Μαρία τι να. σας πούμε πού το ευχαριστώ είναι λίγο, Να είσαι βέβαιη ότι ο κόπος που έβαλες, τις δύομιση χιλιάδες  ώρες ομιλίας σας δεν πήγαν χαμένες.. Τα 19 μικρά μαθήματα για ένα μεγάλο κόσμο και ο Μεγάλος κύκλος των θρησκειών είναι ένας θησαυρός γειά τους Έλληνες..... Επί την ευκαιρία θα ήθελα να σας ρωτήσω μετά από τόσα που αναφέρεται για όλες τις θρησκείες, αν είστε θρησκεβωμενη. Αν ο Θεός ευτιαξε  τον Άνθρωπο η ο Άνθρωπος τον θεο!!!!",1,0,9,,8 months ago,,,,
Καλη μου δασκαλα μην πιστευεις οτι διαβαζεις στα βιβλια και οι ασιατες εχουν τριχες απλα ειναι σε μερη που δεν φαινονται ευκολα.,1,0,9,,9 months ago,,,,
"Ευχαριστούμε την κυρία Ευθυμίου για όλα,,έχω μια απορία,, κύριε δημοσιογραφε,,δεν υπάρχει Σταντ για το μικρόφωνο??",1,0,9,,5 months ago,,,,
Αϊνού λέγονται στα Βόρεια Ιαπωνία οι κάτοικοι,1,0,9,,9 months ago,,,,
"Οι Κουρίλες συνδέουν την Ιαπωνία με τη Ρωσική Καμτσάτκα, όχι με την Αλάσκα.",1,0,9,,9 months ago,,,,
MOY UYMIZETE MIA DASKALA MOY STO GYMNASIO STO KERATSINI...PRVTH GYMNASIOY...,1,0,9,,5 months ago,,,,
ok! hi!,1,0,9,,9 months ago,,,,
i apo ionia !!,1,0,9,,9 months ago,,,,
Arikato japan,1,0,9,,9 months ago,,,,
Pola logia .......aeras.....,1,0,9,,9 months ago,,,,
Ο Κυριάκος Πιερρακάκης με τη Μαρία Ευθυμίου στο «The Power of Innovation» του Fortune Greece,1,10,0,https://www.youtube.com/watch?v=cy93fFnSmAo,9 months ago ,,,,
"Μπράβο και στους δύο!!!
Φοβερή συνομιλία, χαίρεσαι να τους ακούς. 
Πολιτισμένα με ωραία παραδείγματα και ιστορικές αναφορές!!!",1,0,10,,8 months ago,,,,
Αγαπημένοι και οι δύό  τους,1,0,10,,6 months ago,,,,
Wow ! What an incredible dialogue among two obviously highly intelligent people ...,1,0,10,,5 months ago,,,,
Άψογοι!    Εξαιρετική συζήτηση! Συγχαρητήρια!! Χρειαζόμαστε κι άλλες τέτοιες παρουσιάσεις πληροφοριών!!,1,0,10,,9 months ago (edited),,,,
"Ακουσα 5' στήν αρχή τήν κα Ευθυμίου. Αν είχα χρόνο θα το έβλεπα. Καί οι δύο αξιόλογοι, αδικούνται και οι δύο σαν αταίριαστο ζευγάρι. Μπορεί να προκαλέσει αρνητική προδιάθεση στους ακροατές καθ' ενός εκ τών δύο..",1,0,10,,9 months ago,,,,
"Πάντα καταπληκτική η κ. Ευθυμίου πολύ έξυπνος ο πιερακακης που την κάλεσε, ξέροντας πως θα τον δουν σχεδόν όλοι οι fun της κ. Ευθυμίου.",1,0,10,,9 months ago (edited),,,,
"Και οι δύο αξιόλογοι και χαίρουν εκτίμησης. Ωστόσο, λαμβάνω την τιμή να σας αναφέρω, ότι η αυτοπεποίθηση από την αλαζονεία είναι ""ένα τσιγάρο δρόμος"". Προσοχή!",1,0,10,,8 months ago,,,,
Eεξαιρετική συζήτησης,1,0,10,,2 months ago,,,,
θα ήθελα να πάω να ακούσω την κυρία Μαρία σε μια ομιλία της. που μπορώ να μάθω που θα παρεβρεθει?️,1,0,10,,9 months ago,,,,
,,0,10,,2 months ago,,,,
ευχαριστούμε κυρία Μαρία. !!!️️️,1,0,10,,9 months ago,,,,
που μπορώ να βρω σε ποιες ομιλίες θα παρευρεθεί η κυρία Μαρία. θέλω να την ακούσω. πως μπορώ να ξέρω που θα κάνει ομιλίες? παρακαλώ κάποιος να μου πει️,1,0,10,,9 months ago,,,,
"Την υπέροχη αυτή κυρία την λαλίστατη, με  απέραντες γνώσεις  ιστορίας και όχι μόνο, με, την  προικισμένη με ευφυΐα και χιούμορ  με ταλέντο μεταδοτικότητας των γνώσεων της, και μ’ ένα  πλήθος άλλων πλεονεκτημάτων δεν την κάναμε  δυστυχώς την  πρώτη γυναίκα Πρόεδρο της  Δημοκρατίας ,όπως είχε σκεφθεί αρχικά  ο Μητσοτάκης. Εμείς που την παρακολουθούμε και την θαυμάζουμε για τις άοκνες μακροχρόνιες και υπέροχες διαλέξεις της και παρεμβάσεις που μας  μαθαίνουν  με γλαφυρό τρόπο την Ιστορία μας ας την ονομάσουμε  ΔΑΣΚΑΛΑ του  ¨έθνους το αξίζει.",1,0,10,,2 weeks ago,,,,
"λατρευουμε κυρια Ευθυμιου.

ενας ανθρωπος, που θα ηθελες να συναντηθεις και να συζητησεις τα παντα, γιατι νομιζεις ξερεις πραγματα,
και, αν ποτε δεν με ρωτησει τιποτα - μονο που θα μου μιλαει για ολα αυτα.... θα την χαρω τοσο πολυ.",1,0,10,,9 months ago,,,,
"Και να αδελφε μου που μαθσμε να κουβεντιαζουμε ησυχα κι απλα,καταλαβαινομαστε τωρα....να τι θελει να πει ο ποιητης,νομιζω.",1,0,10,,9 months ago,,,,
Με τέτοιους ανθρώπους έχουμε λόγο να αισιοδοξούμε,1,0,10,,9 months ago,,,,
Προσωπικά σας παραδεχομαι κ. Πιερρακάκη  γιατί και εγώ είμαι της πληροφορικής και   ξέρω ότι δεν ήταν εύκολα όσα κάνατε. Παρακαλώ όμως προσέξτε ορισμένους συνεργάτες σας γιατί η συμπεριφορά τους ορισμένες φορές είναι  επιεικώς απαράδεκτη σε σχέση με  εκπροσώπους εταιρειών  σε έργα του Δημοσίου!!!,1,0,10,,9 months ago,,,,
https://youtu.be/cy93fFnSmAo?t=801 αντιγράφει σε διαγώνισμα ή ωσάν γύπας κάνει lock on,1,,0,10,,8 months ago,,,
"Όταν δύο από τα αγαπημένα σου ελληνικά πρόσωπα δημοσίου λόγου μιλάνε, εγώ χαίρομαι και τα λόγια είναι περιττά, τα υπόλοιπα.",1,0,10,,9 months ago,,,,
"Δύο άνθρωποι που θαυμάζω απεριόριστα!!! Μια συνάντηση απ' την οποία αντλούμε γνώσεις,  δύναμη και αισιοδοξία! Μακάρι να προβάλλεται και στα μέσα το επιτυχημένο και αισιόδοξο μέλλον αυτού του ευλογημένου τόπου και όχι μια μόνιμη μιζέρια!! Να καμαρώνουμε και να παραδειγματιζομαστε από ανθρώπους που έχουν καλλιέργεια ως επιστήμονες και ταπεινότητα ως άνθρωποι!!!",1,0,10,,9 months ago,,,,
Εχει τωρα γνωμη και γιοα τεχνολογια,1, Τι μεγαλομανία την δερνει¨  Μου αρεσει το βλεμμα του Πιερρακακη.,0,10,,9 months ago,,,
"Καλά, μην νομίζετε ότι θα σας περάσει έτσι η 4η βιομηχανική επανάσταση... μπορεί να έχετε εσείς τα σχέδια σας, αλλά δεν έχετε υπολογίσει τι θέλει ο κόσμος. Ξέρουμε πια τα σχέδια του Κλάους Σβαπ και τα φιλαράκια του.",1,0,10,,9 months ago,,,,
Απατεώνας της νέα τάξης πραγμάτων,1,0,10,,9 months ago,,,,
Ολο ασυνάρτητες θεωρίες κ ιστορικές γενικεύσεις λέει η κυρά Μαρία. Που τη βρήκαμε άραγε?,1,0,10,,9 months ago,,,,
Απλά  καταπληκτική  .....Η κυρία ευθυμιου,1,0,10,,9 months ago,,,,
Οταν ο κ.Πιερρακακης καταλαβει οτι εκτος απο οσους ειναι κοντα στην τεχνολογια υπαρχουν και αυτοι που δεν εχουν καν κομπιουτερ τοτε ΙΣΩΣ τα πραγματα στην Ελλαδα να ειναι μοιρασμενα εστω... Οταν αναγκαζεις γιαγιαδες και παππουδες να πληρωνουν καθε βδομαδα λογιστες για ενα χαρτι ειναι απλα ΑΔΙΚΟ,1,0,10,,8 months ago,,,,
ΠΑΝΤΩΣ τηλεματικη για τα τραινα δεν καταφερατε να βαλετε στη χωρα ΠΙΕΡΑΚΑΚΗ. Predator ομως τοποθετησατε διοτι αυτες τις εντολες απο τα κεντρικα εχετε ......,1,0,10,,8 months ago,,,,
